,Unnamed: 0_Ours,Time,Frame_Ours,bytes_Ours,Server/Client_Ours,Dest_Ours,Unnamed: 0_Non-persistent,Frame_Non-persistent,bytes_Non-persistent,Server/Client_Non-persistent,Dest_Non-persistent,Unnamed: 0,Frame,bytes,Server/Client,Dest
0,5.0,0.523854,0.0,4200.0,Client,NaN,5.0,0.0,4200.0,Client,NaN,5.0,0.0,4200.0,Client,NaN
1,9.0,0.528958,1.0,4200.0,Client,NaN,9.0,1.0,4200.0,Client,NaN,9.0,1.0,4200.0,Client,NaN
2,13.0,0.5400590000000001,0.0,4200.0,Client,NaN,13.0,0.0,4200.0,Client,NaN,13.0,0.0,4200.0,Client,NaN
3,16.0,0.5450470000000001,1.0,3081.0,Client,NaN,16.0,1.0,3081.0,Client,NaN,16.0,1.0,3081.0,Client,NaN
4,18.0,0.549902,2.0,3081.0,Client,NaN,18.0,2.0,3081.0,Client,NaN,18.0,2.0,3081.0,Client,NaN
5,75.0,0.734992,1.0,3081.0,Client,NaN,NaN,NaN,NaN,NaN,NaN,NaN,NaN,NaN,NaN,NaN
6,77.0,0.73906,2.0,3081.0,Client,NaN,NaN,NaN,NaN,NaN,NaN,NaN,NaN,NaN,NaN,NaN
7,121.0,0.884359,3.0,345876.0,Client,NaN,NaN,NaN,NaN,NaN,NaN,NaN,NaN,NaN,NaN,NaN
8,123.0,0.8865139999999999,2.0,3081.0,Client,NaN,NaN,NaN,NaN,NaN,NaN,NaN,NaN,NaN,NaN,NaN
9,125.0,0.8887729999999999,3.0,345876.0,Client,NaN,NaN,NaN,NaN,NaN,NaN,NaN,NaN,NaN,NaN,NaN
10,163.0,1.0139799999999999,4.0,91000.0,Client,NaN,NaN,NaN,NaN,NaN,NaN,NaN,NaN,NaN,NaN,NaN
11,164.0,1.0144600000000001,3.0,91000.0,Client,NaN,NaN,NaN,NaN,NaN,NaN,NaN,NaN,NaN,NaN,NaN
12,166.0,1.01501,4.0,89600.0,Client,NaN,NaN,NaN,NaN,NaN,NaN,NaN,NaN,NaN,NaN,NaN
13,168.0,1.02291,5.0,7000.0,Client,NaN,NaN,NaN,NaN,NaN,NaN,NaN,NaN,NaN,NaN,NaN
14,169.0,1.02335,4.0,7000.0,Client,NaN,NaN,NaN,NaN,NaN,NaN,NaN,NaN,NaN,NaN,NaN
15,170.0,1.02387,5.0,7000.0,Client,NaN,NaN,NaN,NaN,NaN,NaN,NaN,NaN,NaN,NaN,NaN
16,174.0,1.03071,5.0,5600.0,Client,NaN,NaN,NaN,NaN,NaN,NaN,NaN,NaN,NaN,NaN,NaN
17,178.0,1.03787,6.0,12600.0,Client,NaN,NaN,NaN,NaN,NaN,NaN,NaN,NaN,NaN,NaN,NaN
18,179.0,1.03997,6.0,12600.0,Client,NaN,NaN,NaN,NaN,NaN,NaN,NaN,NaN,NaN,NaN,NaN
19,182.0,1.04605,8.0,7000.0,Client,NaN,NaN,NaN,NaN,NaN,NaN,NaN,NaN,NaN,NaN,NaN
20,184.0,1.0473,6.0,14000.0,Client,NaN,NaN,NaN,NaN,NaN,NaN,NaN,NaN,NaN,NaN,NaN
21,185.0,1.0483,7.0,7000.0,Client,NaN,NaN,NaN,NaN,NaN,NaN,NaN,NaN,NaN,NaN,NaN
22,186.0,1.04948,9.0,2800.0,Client,NaN,NaN,NaN,NaN,NaN,NaN,NaN,NaN,NaN,NaN,NaN
23,187.0,1.04993,7.0,2800.0,Client,NaN,NaN,NaN,NaN,NaN,NaN,NaN,NaN,NaN,NaN,NaN
24,188.0,1.0504200000000001,9.0,2800.0,Client,NaN,NaN,NaN,NaN,NaN,NaN,NaN,NaN,NaN,NaN,NaN
25,189.0,1.0522,8.0,1400.0,Client,NaN,NaN,NaN,NaN,NaN,NaN,NaN,NaN,NaN,NaN,NaN
26,191.0,1.05427,10.0,4200.0,Client,NaN,NaN,NaN,NaN,NaN,NaN,NaN,NaN,NaN,NaN,NaN
27,193.0,1.0554,9.0,2800.0,Client,NaN,NaN,NaN,NaN,NaN,NaN,NaN,NaN,NaN,NaN,NaN
28,195.0,1.05809,10.0,5600.0,Client,NaN,NaN,NaN,NaN,NaN,NaN,NaN,NaN,NaN,NaN,NaN
29,196.0,1.05923,11.0,4200.0,Client,NaN,NaN,NaN,NaN,NaN,NaN,NaN,NaN,NaN,NaN,NaN
30,197.0,1.06149,11.0,2800.0,Client,NaN,NaN,NaN,NaN,NaN,NaN,NaN,NaN,NaN,NaN,NaN
31,200.0,1.06589,11.0,9800.0,Client,NaN,NaN,NaN,NaN,NaN,NaN,NaN,NaN,NaN,NaN,NaN
32,202.0,1.06754,12.0,7000.0,Client,NaN,NaN,NaN,NaN,NaN,NaN,NaN,NaN,NaN,NaN,NaN
33,205.0,1.07524,12.0,12600.0,Client,NaN,NaN,NaN,NaN,NaN,NaN,NaN,NaN,NaN,NaN,NaN
34,206.0,1.07587,13.0,7000.0,Client,NaN,NaN,NaN,NaN,NaN,NaN,NaN,NaN,NaN,NaN,NaN
35,208.0,1.0792,12.0,9800.0,Client,NaN,NaN,NaN,NaN,NaN,NaN,NaN,NaN,NaN,NaN,NaN
36,209.0,1.0803200000000002,13.0,2800.0,Client,NaN,NaN,NaN,NaN,NaN,NaN,NaN,NaN,NaN,NaN,NaN
37,212.0,1.08679,14.0,8400.0,Client,NaN,NaN,NaN,NaN,NaN,NaN,NaN,NaN,NaN,NaN,NaN
38,214.0,1.0879299999999998,13.0,7000.0,Client,NaN,NaN,NaN,NaN,NaN,NaN,NaN,NaN,NaN,NaN,NaN
39,215.0,1.08979,14.0,8400.0,Client,NaN,NaN,NaN,NaN,NaN,NaN,NaN,NaN,NaN,NaN,NaN
40,219.0,1.0996700000000001,14.0,9800.0,Client,NaN,NaN,NaN,NaN,NaN,NaN,NaN,NaN,NaN,NaN,NaN
41,223.0,1.1090799999999998,16.0,18200.0,Client,NaN,NaN,NaN,NaN,NaN,NaN,NaN,NaN,NaN,NaN,NaN
42,224.0,1.11184,16.0,18200.0,Client,NaN,NaN,NaN,NaN,NaN,NaN,NaN,NaN,NaN,NaN,NaN
43,228.0,1.12063,16.0,18200.0,Client,NaN,NaN,NaN,NaN,NaN,NaN,NaN,NaN,NaN,NaN,NaN
44,232.0,1.13124,17.0,19600.0,Client,NaN,NaN,NaN,NaN,NaN,NaN,NaN,NaN,NaN,NaN,NaN
45,233.0,1.1318,17.0,8400.0,Client,NaN,NaN,NaN,NaN,NaN,NaN,NaN,NaN,NaN,NaN,NaN
46,235.0,1.1344,17.0,18200.0,Client,NaN,NaN,NaN,NaN,NaN,NaN,NaN,NaN,NaN,NaN,NaN
47,239.0,1.14399,18.0,9800.0,Client,NaN,NaN,NaN,NaN,NaN,NaN,NaN,NaN,NaN,NaN,NaN
48,241.0,1.14615,18.0,9800.0,Client,NaN,NaN,NaN,NaN,NaN,NaN,NaN,NaN,NaN,NaN,NaN
49,244.0,1.15426,19.0,8400.0,Client,NaN,NaN,NaN,NaN,NaN,NaN,NaN,NaN,NaN,NaN,NaN
50,246.0,1.15537,18.0,19600.0,Client,NaN,NaN,NaN,NaN,NaN,NaN,NaN,NaN,NaN,NaN,NaN
51,247.0,1.15628,19.0,8400.0,Client,NaN,NaN,NaN,NaN,NaN,NaN,NaN,NaN,NaN,NaN,NaN
52,251.0,1.1655799999999998,21.0,9800.0,Client,NaN,NaN,NaN,NaN,NaN,NaN,NaN,NaN,NaN,NaN,NaN
53,252.0,1.1661,19.0,9800.0,Client,NaN,NaN,NaN,NaN,NaN,NaN,NaN,NaN,NaN,NaN,NaN
54,253.0,1.16654,21.0,9800.0,Client,NaN,NaN,NaN,NaN,NaN,NaN,NaN,NaN,NaN,NaN,NaN
55,257.0,1.1768100000000001,20.0,8400.0,Client,NaN,NaN,NaN,NaN,NaN,NaN,NaN,NaN,NaN,NaN,NaN
56,259.0,1.17734,21.0,1400.0,Client,NaN,NaN,NaN,NaN,NaN,NaN,NaN,NaN,NaN,NaN,NaN
57,263.0,1.18825,22.0,18200.0,Client,NaN,NaN,NaN,NaN,NaN,NaN,NaN,NaN,NaN,NaN,NaN
58,264.0,1.18928,22.0,18200.0,Client,NaN,NaN,NaN,NaN,NaN,NaN,NaN,NaN,NaN,NaN,NaN
59,265.0,1.19385,23.0,4200.0,Client,NaN,NaN,NaN,NaN,NaN,NaN,NaN,NaN,NaN,NaN,NaN
60,268.0,1.1951100000000001,22.0,12600.0,Client,NaN,NaN,NaN,NaN,NaN,NaN,NaN,NaN,NaN,NaN,NaN
61,269.0,1.19611,23.0,4200.0,Client,NaN,NaN,NaN,NaN,NaN,NaN,NaN,NaN,NaN,NaN,NaN
62,271.0,1.20295,23.0,7000.0,Client,NaN,NaN,NaN,NaN,NaN,NaN,NaN,NaN,NaN,NaN,NaN
63,275.0,1.20743,24.0,11200.0,Client,NaN,NaN,NaN,NaN,NaN,NaN,NaN,NaN,NaN,NaN,NaN
64,276.0,1.20971,24.0,11200.0,Client,NaN,NaN,NaN,NaN,NaN,NaN,NaN,NaN,NaN,NaN,NaN
65,278.0,1.2141,24.0,9800.0,Client,NaN,NaN,NaN,NaN,NaN,NaN,NaN,NaN,NaN,NaN,NaN
66,280.0,1.2156799999999999,26.0,7000.0,Client,NaN,NaN,NaN,NaN,NaN,NaN,NaN,NaN,NaN,NaN,NaN
67,281.0,1.2167299999999999,25.0,7000.0,Client,NaN,NaN,NaN,NaN,NaN,NaN,NaN,NaN,NaN,NaN,NaN
68,283.0,1.21915,25.0,4008.0,Client,NaN,NaN,NaN,NaN,NaN,NaN,NaN,NaN,NaN,NaN,NaN
69,284.0,1.22295,26.0,4200.0,Client,NaN,NaN,NaN,NaN,NaN,NaN,NaN,NaN,NaN,NaN,NaN
70,288.0,1.23003,26.0,9165.0,Client,NaN,NaN,NaN,NaN,NaN,NaN,NaN,NaN,NaN,NaN,NaN
71,289.0,1.23127,27.0,12600.0,Client,NaN,NaN,NaN,NaN,NaN,NaN,NaN,NaN,NaN,NaN,NaN
72,290.0,1.23336,27.0,8400.0,Client,NaN,NaN,NaN,NaN,NaN,NaN,NaN,NaN,NaN,NaN,NaN
73,294.0,1.2395399999999999,28.0,7000.0,Client,NaN,NaN,NaN,NaN,NaN,NaN,NaN,NaN,NaN,NaN,NaN
74,295.0,1.24072,27.0,8400.0,Client,NaN,NaN,NaN,NaN,NaN,NaN,NaN,NaN,NaN,NaN,NaN
75,296.0,1.24116,28.0,7000.0,Client,NaN,NaN,NaN,NaN,NaN,NaN,NaN,NaN,NaN,NaN,NaN
76,300.0,1.24781,30.0,7000.0,Client,NaN,NaN,NaN,NaN,NaN,NaN,NaN,NaN,NaN,NaN,NaN
77,301.0,1.2489700000000001,28.0,7000.0,Client,NaN,NaN,NaN,NaN,NaN,NaN,NaN,NaN,NaN,NaN,NaN
78,302.0,1.2495100000000001,29.0,7000.0,Client,NaN,NaN,NaN,NaN,NaN,NaN,NaN,NaN,NaN,NaN,NaN
79,306.0,1.25767,30.0,7000.0,Client,NaN,NaN,NaN,NaN,NaN,NaN,NaN,NaN,NaN,NaN,NaN
80,307.0,1.2587,30.0,8400.0,Client,NaN,NaN,NaN,NaN,NaN,NaN,NaN,NaN,NaN,NaN,NaN
81,310.0,1.266,32.0,15400.0,Client,NaN,NaN,NaN,NaN,NaN,NaN,NaN,NaN,NaN,NaN,NaN
82,312.0,1.26811,31.0,8400.0,Client,NaN,NaN,NaN,NaN,NaN,NaN,NaN,NaN,NaN,NaN,NaN
83,313.0,1.26863,32.0,1400.0,Client,NaN,NaN,NaN,NaN,NaN,NaN,NaN,NaN,NaN,NaN,NaN
84,317.0,1.2772,33.0,9800.0,Client,NaN,NaN,NaN,NaN,NaN,NaN,NaN,NaN,NaN,NaN,NaN
85,318.0,1.27767,32.0,15400.0,Client,NaN,NaN,NaN,NaN,NaN,NaN,NaN,NaN,NaN,NaN,NaN
86,319.0,1.2785799999999998,33.0,8400.0,Client,NaN,NaN,NaN,NaN,NaN,NaN,NaN,NaN,NaN,NaN,NaN
87,322.0,1.28591,34.0,7000.0,Client,NaN,NaN,NaN,NaN,NaN,NaN,NaN,NaN,NaN,NaN,NaN
88,323.0,1.2868899999999999,33.0,8400.0,Client,NaN,NaN,NaN,NaN,NaN,NaN,NaN,NaN,NaN,NaN,NaN
89,325.0,1.29041,34.0,8400.0,Client,NaN,NaN,NaN,NaN,NaN,NaN,NaN,NaN,NaN,NaN,NaN
90,329.0,1.29764,35.0,8400.0,Client,NaN,NaN,NaN,NaN,NaN,NaN,NaN,NaN,NaN,NaN,NaN
91,330.0,1.29887,34.0,8400.0,Client,NaN,NaN,NaN,NaN,NaN,NaN,NaN,NaN,NaN,NaN,NaN
92,331.0,1.29987,35.0,8400.0,Client,NaN,NaN,NaN,NaN,NaN,NaN,NaN,NaN,NaN,NaN,NaN
93,335.0,1.30765,36.0,8400.0,Client,NaN,NaN,NaN,NaN,NaN,NaN,NaN,NaN,NaN,NaN,NaN
94,336.0,1.3088799999999998,35.0,8400.0,Client,NaN,NaN,NaN,NaN,NaN,NaN,NaN,NaN,NaN,NaN,NaN
95,339.0,1.3165799999999999,37.0,8400.0,Client,NaN,NaN,NaN,NaN,NaN,NaN,NaN,NaN,NaN,NaN,NaN
96,341.0,1.31758,36.0,14000.0,Client,NaN,NaN,NaN,NaN,NaN,NaN,NaN,NaN,NaN,NaN,NaN
97,342.0,1.32036,37.0,2800.0,Client,NaN,NaN,NaN,NaN,NaN,NaN,NaN,NaN,NaN,NaN,NaN
98,346.0,1.3272,38.0,8400.0,Client,NaN,NaN,NaN,NaN,NaN,NaN,NaN,NaN,NaN,NaN,NaN
99,347.0,1.32771,37.0,15400.0,Client,NaN,NaN,NaN,NaN,NaN,NaN,NaN,NaN,NaN,NaN,NaN
100,351.0,1.33714,38.0,14000.0,Client,NaN,NaN,NaN,NaN,NaN,NaN,NaN,NaN,NaN,NaN,NaN
101,352.0,1.3377700000000001,39.0,8400.0,Client,NaN,NaN,NaN,NaN,NaN,NaN,NaN,NaN,NaN,NaN,NaN
102,353.0,1.34111,38.0,11200.0,Client,NaN,NaN,NaN,NaN,NaN,NaN,NaN,NaN,NaN,NaN,NaN
103,357.0,1.34806,39.0,8400.0,Client,NaN,NaN,NaN,NaN,NaN,NaN,NaN,NaN,NaN,NaN,NaN
104,358.0,1.34931,40.0,9800.0,Client,NaN,NaN,NaN,NaN,NaN,NaN,NaN,NaN,NaN,NaN,NaN
105,359.0,1.3498299999999999,39.0,7000.0,Client,NaN,NaN,NaN,NaN,NaN,NaN,NaN,NaN,NaN,NaN,NaN
106,363.0,1.3582299999999998,40.0,8400.0,Client,NaN,NaN,NaN,NaN,NaN,NaN,NaN,NaN,NaN,NaN,NaN
107,364.0,1.36005,41.0,9800.0,Client,NaN,NaN,NaN,NaN,NaN,NaN,NaN,NaN,NaN,NaN,NaN
108,365.0,1.3605200000000002,40.0,8683.0,Client,NaN,NaN,NaN,NaN,NaN,NaN,NaN,NaN,NaN,NaN,NaN
109,368.0,1.36655,41.0,7000.0,Client,NaN,NaN,NaN,NaN,NaN,NaN,NaN,NaN,NaN,NaN,NaN
110,372.0,1.376,43.0,12600.0,Client,NaN,NaN,NaN,NaN,NaN,NaN,NaN,NaN,NaN,NaN,NaN
111,373.0,1.37648,42.0,14000.0,Client,NaN,NaN,NaN,NaN,NaN,NaN,NaN,NaN,NaN,NaN,NaN
112,375.0,1.37979,43.0,11200.0,Client,NaN,NaN,NaN,NaN,NaN,NaN,NaN,NaN,NaN,NaN,NaN
113,378.0,1.38647,44.0,8400.0,Client,NaN,NaN,NaN,NaN,NaN,NaN,NaN,NaN,NaN,NaN,NaN
114,380.0,1.38772,43.0,8400.0,Client,NaN,NaN,NaN,NaN,NaN,NaN,NaN,NaN,NaN,NaN,NaN
115,381.0,1.3888,44.0,7000.0,Client,NaN,NaN,NaN,NaN,NaN,NaN,NaN,NaN,NaN,NaN,NaN
116,385.0,1.3975600000000001,44.0,8400.0,Client,NaN,NaN,NaN,NaN,NaN,NaN,NaN,NaN,NaN,NaN,NaN
117,386.0,1.39877,45.0,9800.0,Client,NaN,NaN,NaN,NaN,NaN,NaN,NaN,NaN,NaN,NaN,NaN
118,387.0,1.40046,45.0,9800.0,Client,NaN,NaN,NaN,NaN,NaN,NaN,NaN,NaN,NaN,NaN,NaN
119,391.0,1.4094200000000001,46.0,8400.0,Client,NaN,NaN,NaN,NaN,NaN,NaN,NaN,NaN,NaN,NaN,NaN
120,392.0,1.41064,45.0,9800.0,Client,NaN,NaN,NaN,NaN,NaN,NaN,NaN,NaN,NaN,NaN,NaN
121,393.0,1.4116,46.0,8400.0,Client,NaN,NaN,NaN,NaN,NaN,NaN,NaN,NaN,NaN,NaN,NaN
122,397.0,1.41783,47.0,7000.0,Client,NaN,NaN,NaN,NaN,NaN,NaN,NaN,NaN,NaN,NaN,NaN
123,398.0,1.4211,46.0,9800.0,Client,NaN,NaN,NaN,NaN,NaN,NaN,NaN,NaN,NaN,NaN,NaN
124,402.0,1.42757,47.0,14000.0,Client,NaN,NaN,NaN,NaN,NaN,NaN,NaN,NaN,NaN,NaN,NaN
125,403.0,1.4282700000000002,48.0,8400.0,Client,NaN,NaN,NaN,NaN,NaN,NaN,NaN,NaN,NaN,NaN,NaN
126,404.0,1.43151,47.0,8400.0,Client,NaN,NaN,NaN,NaN,NaN,NaN,NaN,NaN,NaN,NaN,NaN
127,406.0,1.43751,48.0,5600.0,Client,NaN,NaN,NaN,NaN,NaN,NaN,NaN,NaN,NaN,NaN,NaN
128,407.0,1.43798,48.0,8400.0,Client,NaN,NaN,NaN,NaN,NaN,NaN,NaN,NaN,NaN,NaN,NaN
129,408.0,1.44723,49.0,16800.0,Client,NaN,NaN,NaN,NaN,NaN,NaN,NaN,NaN,NaN,NaN,NaN
130,409.0,1.4494,50.0,1400.0,Client,NaN,NaN,NaN,NaN,NaN,NaN,NaN,NaN,NaN,NaN,NaN
131,410.0,1.45136,49.0,11529.0,Client,NaN,NaN,NaN,NaN,NaN,NaN,NaN,NaN,NaN,NaN,NaN
132,411.0,1.45191,49.0,11200.0,Client,NaN,NaN,NaN,NaN,NaN,NaN,NaN,NaN,NaN,NaN,NaN
133,412.0,1.45707,50.0,4200.0,Client,NaN,NaN,NaN,NaN,NaN,NaN,NaN,NaN,NaN,NaN,NaN
134,413.0,1.4582700000000002,51.0,7000.0,Client,NaN,NaN,NaN,NaN,NaN,NaN,NaN,NaN,NaN,NaN,NaN
135,414.0,1.46153,50.0,8400.0,Client,NaN,NaN,NaN,NaN,NaN,NaN,NaN,NaN,NaN,NaN,NaN
136,415.0,1.46737,51.0,9800.0,Client,NaN,NaN,NaN,NaN,NaN,NaN,NaN,NaN,NaN,NaN,NaN
137,416.0,1.46807,52.0,8400.0,Client,NaN,NaN,NaN,NaN,NaN,NaN,NaN,NaN,NaN,NaN,NaN
138,417.0,1.46918,51.0,5600.0,Client,NaN,NaN,NaN,NaN,NaN,NaN,NaN,NaN,NaN,NaN,NaN
139,418.0,1.4702600000000001,52.0,1400.0,Client,NaN,NaN,NaN,NaN,NaN,NaN,NaN,NaN,NaN,NaN,NaN
140,419.0,1.4763600000000001,53.0,7000.0,Client,NaN,NaN,NaN,NaN,NaN,NaN,NaN,NaN,NaN,NaN,NaN
141,420.0,1.47751,52.0,7000.0,Client,NaN,NaN,NaN,NaN,NaN,NaN,NaN,NaN,NaN,NaN,NaN
142,421.0,1.47854,53.0,7000.0,Client,NaN,NaN,NaN,NaN,NaN,NaN,NaN,NaN,NaN,NaN,NaN
143,422.0,1.486,54.0,8400.0,Client,NaN,NaN,NaN,NaN,NaN,NaN,NaN,NaN,NaN,NaN,NaN
144,423.0,1.48645,53.0,7000.0,Client,NaN,NaN,NaN,NaN,NaN,NaN,NaN,NaN,NaN,NaN,NaN
145,424.0,1.4896,54.0,9800.0,Client,NaN,NaN,NaN,NaN,NaN,NaN,NaN,NaN,NaN,NaN,NaN
146,425.0,1.49675,55.0,7000.0,Client,NaN,NaN,NaN,NaN,NaN,NaN,NaN,NaN,NaN,NaN,NaN
147,426.0,1.49801,54.0,9800.0,Client,NaN,NaN,NaN,NaN,NaN,NaN,NaN,NaN,NaN,NaN,NaN
148,427.0,1.5019,55.0,8400.0,Client,NaN,NaN,NaN,NaN,NaN,NaN,NaN,NaN,NaN,NaN,NaN
149,428.0,1.50797,56.0,9800.0,Client,NaN,NaN,NaN,NaN,NaN,NaN,NaN,NaN,NaN,NaN,NaN
150,429.0,1.5085,55.0,8400.0,Client,NaN,NaN,NaN,NaN,NaN,NaN,NaN,NaN,NaN,NaN,NaN
151,430.0,1.50939,56.0,7000.0,Client,NaN,NaN,NaN,NaN,NaN,NaN,NaN,NaN,NaN,NaN,NaN
152,431.0,1.51155,56.0,3443.0,Client,NaN,NaN,NaN,NaN,NaN,NaN,NaN,NaN,NaN,NaN,NaN
153,432.0,1.51817,57.0,8400.0,Client,NaN,NaN,NaN,NaN,NaN,NaN,NaN,NaN,NaN,NaN,NaN
154,433.0,1.52034,57.0,8400.0,Client,NaN,NaN,NaN,NaN,NaN,NaN,NaN,NaN,NaN,NaN,NaN
155,434.0,1.52659,58.0,7000.0,Client,NaN,NaN,NaN,NaN,NaN,NaN,NaN,NaN,NaN,NaN,NaN
156,435.0,1.5277,57.0,12600.0,Client,NaN,NaN,NaN,NaN,NaN,NaN,NaN,NaN,NaN,NaN,NaN
157,436.0,1.53101,58.0,9800.0,Client,NaN,NaN,NaN,NaN,NaN,NaN,NaN,NaN,NaN,NaN,NaN
158,437.0,1.5373299999999999,59.0,9800.0,Client,NaN,NaN,NaN,NaN,NaN,NaN,NaN,NaN,NaN,NaN,NaN
159,438.0,1.53777,58.0,8400.0,Client,NaN,NaN,NaN,NaN,NaN,NaN,NaN,NaN,NaN,NaN,NaN
160,439.0,1.53982,60.0,1400.0,Client,NaN,NaN,NaN,NaN,NaN,NaN,NaN,NaN,NaN,NaN,NaN
161,440.0,1.5414700000000001,59.0,8400.0,Client,NaN,NaN,NaN,NaN,NaN,NaN,NaN,NaN,NaN,NaN,NaN
162,441.0,1.5471,60.0,4200.0,Client,NaN,NaN,NaN,NaN,NaN,NaN,NaN,NaN,NaN,NaN,NaN
163,442.0,1.54936,59.0,9800.0,Client,NaN,NaN,NaN,NaN,NaN,NaN,NaN,NaN,NaN,NaN,NaN
164,443.0,1.5505799999999998,61.0,9800.0,Client,NaN,NaN,NaN,NaN,NaN,NaN,NaN,NaN,NaN,NaN,NaN
165,444.0,1.5574700000000001,61.0,9800.0,Client,NaN,NaN,NaN,NaN,NaN,NaN,NaN,NaN,NaN,NaN,NaN
166,445.0,1.5581200000000002,62.0,5600.0,Client,NaN,NaN,NaN,NaN,NaN,NaN,NaN,NaN,NaN,NaN,NaN
167,446.0,1.55901,60.0,8400.0,Client,NaN,NaN,NaN,NaN,NaN,NaN,NaN,NaN,NaN,NaN,NaN
168,447.0,1.5595,61.0,108.0,Client,NaN,NaN,NaN,NaN,NaN,NaN,NaN,NaN,NaN,NaN,NaN
169,448.0,1.5605200000000001,62.0,1400.0,Client,NaN,NaN,NaN,NaN,NaN,NaN,NaN,NaN,NaN,NaN,NaN
170,449.0,1.5665200000000001,63.0,7000.0,Client,NaN,NaN,NaN,NaN,NaN,NaN,NaN,NaN,NaN,NaN,NaN
171,450.0,1.56764,62.0,7000.0,Client,NaN,NaN,NaN,NaN,NaN,NaN,NaN,NaN,NaN,NaN,NaN
172,451.0,1.56863,63.0,8400.0,Client,NaN,NaN,NaN,NaN,NaN,NaN,NaN,NaN,NaN,NaN,NaN
173,452.0,1.57463,64.0,7000.0,Client,NaN,NaN,NaN,NaN,NaN,NaN,NaN,NaN,NaN,NaN,NaN
174,453.0,1.57585,63.0,7000.0,Client,NaN,NaN,NaN,NaN,NaN,NaN,NaN,NaN,NaN,NaN,NaN
175,454.0,1.5790600000000001,64.0,8400.0,Client,NaN,NaN,NaN,NaN,NaN,NaN,NaN,NaN,NaN,NaN,NaN
176,455.0,1.58474,65.0,8400.0,Client,NaN,NaN,NaN,NaN,NaN,NaN,NaN,NaN,NaN,NaN,NaN
177,456.0,1.58581,64.0,8400.0,Client,NaN,NaN,NaN,NaN,NaN,NaN,NaN,NaN,NaN,NaN,NaN
178,457.0,1.58791,65.0,7000.0,Client,NaN,NaN,NaN,NaN,NaN,NaN,NaN,NaN,NaN,NaN,NaN
179,458.0,1.6009799999999998,65.0,11200.0,Client,NaN,NaN,NaN,NaN,NaN,NaN,NaN,NaN,NaN,NaN,NaN
180,459.0,1.60808,66.0,18200.0,Client,NaN,NaN,NaN,NaN,NaN,NaN,NaN,NaN,NaN,NaN,NaN
181,460.0,1.6097700000000001,66.0,16800.0,Client,NaN,NaN,NaN,NaN,NaN,NaN,NaN,NaN,NaN,NaN,NaN
182,461.0,1.61628,67.0,7000.0,Client,NaN,NaN,NaN,NaN,NaN,NaN,NaN,NaN,NaN,NaN,NaN
183,462.0,1.61742,66.0,14000.0,Client,NaN,NaN,NaN,NaN,NaN,NaN,NaN,NaN,NaN,NaN,NaN
184,463.0,1.62061,67.0,9800.0,Client,NaN,NaN,NaN,NaN,NaN,NaN,NaN,NaN,NaN,NaN,NaN
185,464.0,1.62785,67.0,8400.0,Client,NaN,NaN,NaN,NaN,NaN,NaN,NaN,NaN,NaN,NaN,NaN
186,465.0,1.63773,69.0,18200.0,Client,NaN,NaN,NaN,NaN,NaN,NaN,NaN,NaN,NaN,NaN,NaN
187,466.0,1.63926,69.0,15400.0,Client,NaN,NaN,NaN,NaN,NaN,NaN,NaN,NaN,NaN,NaN,NaN
188,467.0,1.64526,70.0,7000.0,Client,NaN,NaN,NaN,NaN,NaN,NaN,NaN,NaN,NaN,NaN,NaN
189,468.0,1.6463299999999998,68.0,16800.0,Client,NaN,NaN,NaN,NaN,NaN,NaN,NaN,NaN,NaN,NaN,NaN
190,469.0,1.64873,69.0,1400.0,Client,NaN,NaN,NaN,NaN,NaN,NaN,NaN,NaN,NaN,NaN,NaN
191,470.0,1.6497700000000002,70.0,8400.0,Client,NaN,NaN,NaN,NaN,NaN,NaN,NaN,NaN,NaN,NaN,NaN
192,471.0,1.6558700000000002,71.0,8400.0,Client,NaN,NaN,NaN,NaN,NaN,NaN,NaN,NaN,NaN,NaN,NaN
193,472.0,1.6570200000000002,70.0,7000.0,Client,NaN,NaN,NaN,NaN,NaN,NaN,NaN,NaN,NaN,NaN,NaN
194,473.0,1.6600700000000002,71.0,9800.0,Client,NaN,NaN,NaN,NaN,NaN,NaN,NaN,NaN,NaN,NaN,NaN
195,474.0,1.6669200000000002,72.0,9800.0,Client,NaN,NaN,NaN,NaN,NaN,NaN,NaN,NaN,NaN,NaN,NaN
196,475.0,1.6674099999999998,71.0,8400.0,Client,NaN,NaN,NaN,NaN,NaN,NaN,NaN,NaN,NaN,NaN,NaN
197,476.0,1.6684400000000001,72.0,7000.0,Client,NaN,NaN,NaN,NaN,NaN,NaN,NaN,NaN,NaN,NaN,NaN
198,477.0,1.67471,73.0,7000.0,Client,NaN,NaN,NaN,NaN,NaN,NaN,NaN,NaN,NaN,NaN,NaN
199,478.0,1.6752099999999999,72.0,7000.0,Client,NaN,NaN,NaN,NaN,NaN,NaN,NaN,NaN,NaN,NaN,NaN
200,479.0,1.67682,73.0,7000.0,Client,NaN,NaN,NaN,NaN,NaN,NaN,NaN,NaN,NaN,NaN,NaN
201,480.0,1.68649,73.0,8400.0,Client,NaN,NaN,NaN,NaN,NaN,NaN,NaN,NaN,NaN,NaN,NaN
202,481.0,1.6944400000000002,74.0,15400.0,Client,NaN,NaN,NaN,NaN,NaN,NaN,NaN,NaN,NaN,NaN,NaN
203,482.0,1.6954200000000001,74.0,8400.0,Client,NaN,NaN,NaN,NaN,NaN,NaN,NaN,NaN,NaN,NaN,NaN
204,483.0,1.69938,74.0,16800.0,Client,NaN,NaN,NaN,NaN,NaN,NaN,NaN,NaN,NaN,NaN,NaN
205,484.0,1.70554,75.0,8400.0,Client,NaN,NaN,NaN,NaN,NaN,NaN,NaN,NaN,NaN,NaN,NaN
206,485.0,1.71,75.0,9800.0,Client,NaN,NaN,NaN,NaN,NaN,NaN,NaN,NaN,NaN,NaN,NaN
207,486.0,1.7170900000000002,75.0,16800.0,Client,NaN,NaN,NaN,NaN,NaN,NaN,NaN,NaN,NaN,NaN,NaN
208,487.0,1.91126,76.0,172771.0,Client,NaN,NaN,NaN,NaN,NaN,NaN,NaN,NaN,NaN,NaN,NaN
209,488.0,1.91526,76.0,171371.0,Client,NaN,NaN,NaN,NaN,NaN,NaN,NaN,NaN,NaN,NaN,NaN
210,489.0,1.99263,76.0,230171.0,Client,NaN,NaN,NaN,NaN,NaN,NaN,NaN,NaN,NaN,NaN,NaN
211,490.0,2.3649,77.0,375682.0,Client,NaN,NaN,NaN,NaN,NaN,NaN,NaN,NaN,NaN,NaN,NaN
212,491.0,2.3687400000000003,77.0,375682.0,Client,NaN,NaN,NaN,NaN,NaN,NaN,NaN,NaN,NaN,NaN,NaN
213,492.0,2.44614,77.0,372882.0,Client,NaN,NaN,NaN,NaN,NaN,NaN,NaN,NaN,NaN,NaN,NaN
214,493.0,2.68772,78.0,261313.0,Client,NaN,NaN,NaN,NaN,NaN,NaN,NaN,NaN,NaN,NaN,NaN
215,494.0,2.6909099999999997,78.0,261313.0,Client,NaN,NaN,NaN,NaN,NaN,NaN,NaN,NaN,NaN,NaN,NaN
216,495.0,2.76764,78.0,259913.0,Client,NaN,NaN,NaN,NaN,NaN,NaN,NaN,NaN,NaN,NaN,NaN
217,496.0,3.04078,79.0,286657.0,Client,NaN,NaN,NaN,NaN,NaN,NaN,NaN,NaN,NaN,NaN,NaN
218,497.0,3.04281,79.0,285600.0,Client,NaN,NaN,NaN,NaN,NaN,NaN,NaN,NaN,NaN,NaN,NaN
219,498.0,3.11593,79.0,285257.0,Client,NaN,NaN,NaN,NaN,NaN,NaN,NaN,NaN,NaN,NaN,NaN
220,499.0,3.23349,80.0,155400.0,Client,NaN,NaN,NaN,NaN,NaN,NaN,NaN,NaN,NaN,NaN,NaN
221,500.0,3.23516,80.0,155400.0,Client,NaN,NaN,NaN,NaN,NaN,NaN,NaN,NaN,NaN,NaN,NaN
222,501.0,3.30836,80.0,154973.0,Client,NaN,NaN,NaN,NaN,NaN,NaN,NaN,NaN,NaN,NaN,NaN
223,502.0,3.39581,81.0,132893.0,Client,NaN,NaN,NaN,NaN,NaN,NaN,NaN,NaN,NaN,NaN,NaN
224,503.0,3.3974800000000003,81.0,132893.0,Client,NaN,NaN,NaN,NaN,NaN,NaN,NaN,NaN,NaN,NaN,NaN
225,504.0,3.4666,81.0,131493.0,Client,NaN,NaN,NaN,NaN,NaN,NaN,NaN,NaN,NaN,NaN,NaN
226,505.0,3.7589900000000003,82.0,297060.0,Client,NaN,NaN,NaN,NaN,NaN,NaN,NaN,NaN,NaN,NaN,NaN
227,506.0,3.76269,82.0,297060.0,Client,NaN,NaN,NaN,NaN,NaN,NaN,NaN,NaN,NaN,NaN,NaN
228,507.0,3.8307800000000003,82.0,294260.0,Client,NaN,NaN,NaN,NaN,NaN,NaN,NaN,NaN,NaN,NaN,NaN
229,508.0,3.95036,83.0,153038.0,Client,NaN,NaN,NaN,NaN,NaN,NaN,NaN,NaN,NaN,NaN,NaN
230,509.0,3.95269,83.0,153038.0,Client,NaN,NaN,NaN,NaN,NaN,NaN,NaN,NaN,NaN,NaN,NaN
231,510.0,4.0206800000000005,83.0,153038.0,Client,NaN,NaN,NaN,NaN,NaN,NaN,NaN,NaN,NaN,NaN,NaN
232,511.0,4.18679,84.0,192004.0,Client,NaN,NaN,NaN,NaN,NaN,NaN,NaN,NaN,NaN,NaN,NaN
233,512.0,4.18745,84.0,193200.0,Client,NaN,NaN,NaN,NaN,NaN,NaN,NaN,NaN,NaN,NaN,NaN
234,513.0,4.25373,84.0,191800.0,Client,NaN,NaN,NaN,NaN,NaN,NaN,NaN,NaN,NaN,NaN,NaN
235,514.0,4.48259,85.0,240700.0,Client,NaN,NaN,NaN,NaN,NaN,NaN,NaN,NaN,NaN,NaN,NaN
236,515.0,4.4832,85.0,240700.0,Client,NaN,NaN,NaN,NaN,NaN,NaN,NaN,NaN,NaN,NaN,NaN
237,516.0,4.54557,85.0,239300.0,Client,NaN,NaN,NaN,NaN,NaN,NaN,NaN,NaN,NaN,NaN,NaN
238,517.0,4.85594,86.0,315933.0,Client,NaN,NaN,NaN,NaN,NaN,NaN,NaN,NaN,NaN,NaN,NaN
239,518.0,4.85724,86.0,315933.0,Client,NaN,NaN,NaN,NaN,NaN,NaN,NaN,NaN,NaN,NaN,NaN
240,519.0,4.918019999999999,86.0,315933.0,Client,NaN,NaN,NaN,NaN,NaN,NaN,NaN,NaN,NaN,NaN,NaN
241,520.0,5.00747,87.0,131319.0,Client,NaN,NaN,NaN,NaN,NaN,NaN,NaN,NaN,NaN,NaN,NaN
242,521.0,5.00847,87.0,131319.0,Client,NaN,NaN,NaN,NaN,NaN,NaN,NaN,NaN,NaN,NaN,NaN
243,522.0,5.06988,87.0,130200.0,Client,NaN,NaN,NaN,NaN,NaN,NaN,NaN,NaN,NaN,NaN,NaN
244,523.0,5.33758,88.0,284629.0,Client,NaN,NaN,NaN,NaN,NaN,NaN,NaN,NaN,NaN,NaN,NaN
245,524.0,5.33847,88.0,284629.0,Client,NaN,NaN,NaN,NaN,NaN,NaN,NaN,NaN,NaN,NaN,NaN
246,525.0,5.3994800000000005,88.0,284200.0,Client,NaN,NaN,NaN,NaN,NaN,NaN,NaN,NaN,NaN,NaN,NaN
247,526.0,5.59782,89.0,224218.0,Client,NaN,NaN,NaN,NaN,NaN,NaN,NaN,NaN,NaN,NaN,NaN
248,527.0,5.599080000000001,89.0,224000.0,Client,NaN,NaN,NaN,NaN,NaN,NaN,NaN,NaN,NaN,NaN,NaN
249,528.0,5.65829,89.0,224218.0,Client,NaN,NaN,NaN,NaN,NaN,NaN,NaN,NaN,NaN,NaN,NaN
250,529.0,5.76841,90.0,148794.0,Client,NaN,NaN,NaN,NaN,NaN,NaN,NaN,NaN,NaN,NaN,NaN
251,530.0,5.7699,90.0,148794.0,Client,NaN,NaN,NaN,NaN,NaN,NaN,NaN,NaN,NaN,NaN,NaN
252,531.0,5.82712,90.0,147000.0,Client,NaN,NaN,NaN,NaN,NaN,NaN,NaN,NaN,NaN,NaN,NaN
253,532.0,5.9821800000000005,91.0,185054.0,Client,NaN,NaN,NaN,NaN,NaN,NaN,NaN,NaN,NaN,NaN,NaN
254,533.0,5.9837,91.0,186200.0,Client,NaN,NaN,NaN,NaN,NaN,NaN,NaN,NaN,NaN,NaN,NaN
255,534.0,6.04403,91.0,186454.0,Client,NaN,NaN,NaN,NaN,NaN,NaN,NaN,NaN,NaN,NaN,NaN
256,NaN,0.642599,NaN,NaN,NaN,NaN,46.0,1.0,3081.0,Client,NaN,NaN,NaN,NaN,NaN,NaN
257,NaN,0.6466930000000001,NaN,NaN,NaN,NaN,49.0,2.0,3081.0,Client,NaN,NaN,NaN,NaN,NaN,NaN
258,NaN,0.723021,NaN,NaN,NaN,NaN,72.0,3.0,154902.0,Client,NaN,NaN,NaN,NaN,NaN,NaN
259,NaN,0.799098,NaN,NaN,NaN,NaN,97.0,2.0,3081.0,Client,NaN,NaN,NaN,NaN,NaN,NaN
260,NaN,0.875749,NaN,NaN,NaN,NaN,121.0,3.0,154902.0,Client,NaN,NaN,NaN,NaN,NaN,NaN
261,NaN,0.903603,NaN,NaN,NaN,NaN,129.0,4.0,156378.0,Client,NaN,NaN,NaN,NaN,NaN,NaN
262,NaN,0.9047729999999999,NaN,NaN,NaN,NaN,132.0,3.0,154902.0,Client,NaN,NaN,NaN,NaN,NaN,NaN
263,NaN,0.997943,NaN,NaN,NaN,NaN,161.0,4.0,154978.0,Client,NaN,NaN,NaN,NaN,NaN,NaN
264,NaN,1.08019,NaN,NaN,NaN,NaN,186.0,6.0,147000.0,Client,NaN,NaN,NaN,NaN,NaN,NaN
265,NaN,1.08125,NaN,NaN,NaN,NaN,187.0,5.0,147000.0,Client,NaN,NaN,NaN,NaN,NaN,NaN
266,NaN,1.08217,NaN,NaN,NaN,NaN,188.0,6.0,68600.0,Client,NaN,NaN,NaN,NaN,NaN,NaN
267,NaN,1.087,NaN,NaN,NaN,NaN,192.0,7.0,4200.0,Client,NaN,NaN,NaN,NaN,NaN,NaN
268,NaN,1.0882399999999999,NaN,NaN,NaN,NaN,193.0,7.0,7000.0,Client,NaN,NaN,NaN,NaN,NaN,NaN
269,NaN,1.08876,NaN,NaN,NaN,NaN,194.0,6.0,7000.0,Client,NaN,NaN,NaN,NaN,NaN,NaN
270,NaN,1.08992,NaN,NaN,NaN,NaN,195.0,8.0,1400.0,Client,NaN,NaN,NaN,NaN,NaN,NaN
271,NaN,1.09277,NaN,NaN,NaN,NaN,196.0,8.0,5173.0,Client,NaN,NaN,NaN,NaN,NaN,NaN
272,NaN,1.09342,NaN,NaN,NaN,NaN,197.0,9.0,2800.0,Client,NaN,NaN,NaN,NaN,NaN,NaN
273,NaN,1.0945799999999999,NaN,NaN,NaN,NaN,199.0,8.0,4200.0,Client,NaN,NaN,NaN,NaN,NaN,NaN
274,NaN,1.0977299999999999,NaN,NaN,NaN,NaN,202.0,9.0,4200.0,Client,NaN,NaN,NaN,NaN,NaN,NaN
275,NaN,1.09885,NaN,NaN,NaN,NaN,203.0,11.0,4200.0,Client,NaN,NaN,NaN,NaN,NaN,NaN
276,NaN,1.10005,NaN,NaN,NaN,NaN,204.0,9.0,4200.0,Client,NaN,NaN,NaN,NaN,NaN,NaN
277,NaN,1.10105,NaN,NaN,NaN,NaN,205.0,10.0,2800.0,Client,NaN,NaN,NaN,NaN,NaN,NaN
278,NaN,1.10433,NaN,NaN,NaN,NaN,207.0,12.0,4200.0,Client,NaN,NaN,NaN,NaN,NaN,NaN
279,NaN,1.1054700000000002,NaN,NaN,NaN,NaN,209.0,10.0,4200.0,Client,NaN,NaN,NaN,NaN,NaN,NaN
280,NaN,1.10649,NaN,NaN,NaN,NaN,210.0,11.0,4200.0,Client,NaN,NaN,NaN,NaN,NaN,NaN
281,NaN,1.10981,NaN,NaN,NaN,NaN,212.0,12.0,2800.0,Client,NaN,NaN,NaN,NaN,NaN,NaN
282,NaN,1.11047,NaN,NaN,NaN,NaN,213.0,13.0,5600.0,Client,NaN,NaN,NaN,NaN,NaN,NaN
283,NaN,1.11097,NaN,NaN,NaN,NaN,214.0,11.0,5600.0,Client,NaN,NaN,NaN,NaN,NaN,NaN
284,NaN,1.11239,NaN,NaN,NaN,NaN,215.0,13.0,2800.0,Client,NaN,NaN,NaN,NaN,NaN,NaN
285,NaN,1.11405,NaN,NaN,NaN,NaN,217.0,12.0,1400.0,Client,NaN,NaN,NaN,NaN,NaN,NaN
286,NaN,1.12083,NaN,NaN,NaN,NaN,220.0,15.0,8400.0,Client,NaN,NaN,NaN,NaN,NaN,NaN
287,NaN,1.12191,NaN,NaN,NaN,NaN,221.0,13.0,7000.0,Client,NaN,NaN,NaN,NaN,NaN,NaN
288,NaN,1.1229,NaN,NaN,NaN,NaN,222.0,14.0,7000.0,Client,NaN,NaN,NaN,NaN,NaN,NaN
289,NaN,1.1330200000000001,NaN,NaN,NaN,NaN,226.0,16.0,9800.0,Client,NaN,NaN,NaN,NaN,NaN,NaN
290,NaN,1.13358,NaN,NaN,NaN,NaN,227.0,14.0,9800.0,Client,NaN,NaN,NaN,NaN,NaN,NaN
291,NaN,1.1341,NaN,NaN,NaN,NaN,229.0,16.0,9800.0,Client,NaN,NaN,NaN,NaN,NaN,NaN
292,NaN,1.13834,NaN,NaN,NaN,NaN,232.0,15.0,3194.0,Client,NaN,NaN,NaN,NaN,NaN,NaN
293,NaN,1.14347,NaN,NaN,NaN,NaN,233.0,17.0,8400.0,Client,NaN,NaN,NaN,NaN,NaN,NaN
294,NaN,1.14466,NaN,NaN,NaN,NaN,236.0,16.0,5600.0,Client,NaN,NaN,NaN,NaN,NaN,NaN
295,NaN,1.14567,NaN,NaN,NaN,NaN,237.0,17.0,9800.0,Client,NaN,NaN,NaN,NaN,NaN,NaN
296,NaN,1.1538700000000002,NaN,NaN,NaN,NaN,239.0,19.0,8400.0,Client,NaN,NaN,NaN,NaN,NaN,NaN
297,NaN,1.15505,NaN,NaN,NaN,NaN,242.0,17.0,8400.0,Client,NaN,NaN,NaN,NaN,NaN,NaN
298,NaN,1.156,NaN,NaN,NaN,NaN,243.0,18.0,8400.0,Client,NaN,NaN,NaN,NaN,NaN,NaN
299,NaN,1.16374,NaN,NaN,NaN,NaN,245.0,18.0,8400.0,Client,NaN,NaN,NaN,NaN,NaN,NaN
300,NaN,1.16418,NaN,NaN,NaN,NaN,247.0,19.0,7000.0,Client,NaN,NaN,NaN,NaN,NaN,NaN
301,NaN,1.16725,NaN,NaN,NaN,NaN,250.0,20.0,11200.0,Client,NaN,NaN,NaN,NaN,NaN,NaN
302,NaN,1.1744299999999999,NaN,NaN,NaN,NaN,252.0,20.0,8400.0,Client,NaN,NaN,NaN,NaN,NaN,NaN
303,NaN,1.1755,NaN,NaN,NaN,NaN,254.0,21.0,7000.0,Client,NaN,NaN,NaN,NaN,NaN,NaN
304,NaN,1.1767100000000001,NaN,NaN,NaN,NaN,255.0,19.0,9800.0,Client,NaN,NaN,NaN,NaN,NaN,NaN
305,NaN,1.17759,NaN,NaN,NaN,NaN,257.0,21.0,2800.0,Client,NaN,NaN,NaN,NaN,NaN,NaN
306,NaN,1.1787,NaN,NaN,NaN,NaN,258.0,20.0,2800.0,Client,NaN,NaN,NaN,NaN,NaN,NaN
307,NaN,1.1861,NaN,NaN,NaN,NaN,261.0,22.0,9800.0,Client,NaN,NaN,NaN,NaN,NaN,NaN
308,NaN,1.1866,NaN,NaN,NaN,NaN,262.0,21.0,5600.0,Client,NaN,NaN,NaN,NaN,NaN,NaN
309,NaN,1.1880700000000002,NaN,NaN,NaN,NaN,264.0,22.0,9800.0,Client,NaN,NaN,NaN,NaN,NaN,NaN
310,NaN,1.19574,NaN,NaN,NaN,NaN,267.0,22.0,8400.0,Client,NaN,NaN,NaN,NaN,NaN,NaN
311,NaN,1.19695,NaN,NaN,NaN,NaN,269.0,23.0,8400.0,Client,NaN,NaN,NaN,NaN,NaN,NaN
312,NaN,1.1985700000000001,NaN,NaN,NaN,NaN,270.0,23.0,7000.0,Client,NaN,NaN,NaN,NaN,NaN,NaN
313,NaN,1.20589,NaN,NaN,NaN,NaN,273.0,24.0,7000.0,Client,NaN,NaN,NaN,NaN,NaN,NaN
314,NaN,1.2070299999999998,NaN,NaN,NaN,NaN,275.0,23.0,8400.0,Client,NaN,NaN,NaN,NaN,NaN,NaN
315,NaN,1.20799,NaN,NaN,NaN,NaN,276.0,24.0,8400.0,Client,NaN,NaN,NaN,NaN,NaN,NaN
316,NaN,1.2167700000000001,NaN,NaN,NaN,NaN,279.0,25.0,8400.0,Client,NaN,NaN,NaN,NaN,NaN,NaN
317,NaN,1.21795,NaN,NaN,NaN,NaN,281.0,24.0,8400.0,Client,NaN,NaN,NaN,NaN,NaN,NaN
318,NaN,1.21901,NaN,NaN,NaN,NaN,282.0,25.0,8400.0,Client,NaN,NaN,NaN,NaN,NaN,NaN
319,NaN,1.22539,NaN,NaN,NaN,NaN,285.0,26.0,8400.0,Client,NaN,NaN,NaN,NaN,NaN,NaN
320,NaN,1.2264,NaN,NaN,NaN,NaN,286.0,25.0,8400.0,Client,NaN,NaN,NaN,NaN,NaN,NaN
321,NaN,1.22809,NaN,NaN,NaN,NaN,288.0,27.0,1400.0,Client,NaN,NaN,NaN,NaN,NaN,NaN
322,NaN,1.2291,NaN,NaN,NaN,NaN,289.0,26.0,8400.0,Client,NaN,NaN,NaN,NaN,NaN,NaN
323,NaN,1.2346700000000002,NaN,NaN,NaN,NaN,292.0,26.0,4626.0,Client,NaN,NaN,NaN,NaN,NaN,NaN
324,NaN,1.2368700000000001,NaN,NaN,NaN,NaN,293.0,28.0,7000.0,Client,NaN,NaN,NaN,NaN,NaN,NaN
325,NaN,1.23732,NaN,NaN,NaN,NaN,295.0,27.0,2800.0,Client,NaN,NaN,NaN,NaN,NaN,NaN
326,NaN,1.23831,NaN,NaN,NaN,NaN,296.0,28.0,7000.0,Client,NaN,NaN,NaN,NaN,NaN,NaN
327,NaN,1.24685,NaN,NaN,NaN,NaN,299.0,29.0,8400.0,Client,NaN,NaN,NaN,NaN,NaN,NaN
328,NaN,1.24795,NaN,NaN,NaN,NaN,301.0,28.0,8400.0,Client,NaN,NaN,NaN,NaN,NaN,NaN
329,NaN,1.24885,NaN,NaN,NaN,NaN,302.0,29.0,8400.0,Client,NaN,NaN,NaN,NaN,NaN,NaN
330,NaN,1.25666,NaN,NaN,NaN,NaN,305.0,29.0,8400.0,Client,NaN,NaN,NaN,NaN,NaN,NaN
331,NaN,1.25833,NaN,NaN,NaN,NaN,307.0,30.0,9800.0,Client,NaN,NaN,NaN,NaN,NaN,NaN
332,NaN,1.25981,NaN,NaN,NaN,NaN,308.0,30.0,9800.0,Client,NaN,NaN,NaN,NaN,NaN,NaN
333,NaN,1.26596,NaN,NaN,NaN,NaN,311.0,31.0,5600.0,Client,NaN,NaN,NaN,NaN,NaN,NaN
334,NaN,1.26715,NaN,NaN,NaN,NaN,313.0,30.0,8400.0,Client,NaN,NaN,NaN,NaN,NaN,NaN
335,NaN,1.27047,NaN,NaN,NaN,NaN,314.0,31.0,8400.0,Client,NaN,NaN,NaN,NaN,NaN,NaN
336,NaN,1.27663,NaN,NaN,NaN,NaN,317.0,32.0,9800.0,Client,NaN,NaN,NaN,NaN,NaN,NaN
337,NaN,1.27706,NaN,NaN,NaN,NaN,319.0,31.0,8400.0,Client,NaN,NaN,NaN,NaN,NaN,NaN
338,NaN,1.28095,NaN,NaN,NaN,NaN,320.0,32.0,9800.0,Client,NaN,NaN,NaN,NaN,NaN,NaN
339,NaN,1.28709,NaN,NaN,NaN,NaN,324.0,34.0,8400.0,Client,NaN,NaN,NaN,NaN,NaN,NaN
340,NaN,1.28829,NaN,NaN,NaN,NaN,325.0,32.0,9800.0,Client,NaN,NaN,NaN,NaN,NaN,NaN
341,NaN,1.28881,NaN,NaN,NaN,NaN,326.0,33.0,5600.0,Client,NaN,NaN,NaN,NaN,NaN,NaN
342,NaN,1.29605,NaN,NaN,NaN,NaN,329.0,33.0,5600.0,Client,NaN,NaN,NaN,NaN,NaN,NaN
343,NaN,1.2971700000000002,NaN,NaN,NaN,NaN,331.0,34.0,7000.0,Client,NaN,NaN,NaN,NaN,NaN,NaN
344,NaN,1.29837,NaN,NaN,NaN,NaN,332.0,35.0,9800.0,Client,NaN,NaN,NaN,NaN,NaN,NaN
345,NaN,1.29883,NaN,NaN,NaN,NaN,333.0,34.0,2800.0,Client,NaN,NaN,NaN,NaN,NaN,NaN
346,NaN,1.30592,NaN,NaN,NaN,NaN,336.0,35.0,8400.0,Client,NaN,NaN,NaN,NaN,NaN,NaN
347,NaN,1.30655,NaN,NaN,NaN,NaN,337.0,36.0,5600.0,Client,NaN,NaN,NaN,NaN,NaN,NaN
348,NaN,1.3082,NaN,NaN,NaN,NaN,339.0,36.0,1400.0,Client,NaN,NaN,NaN,NaN,NaN,NaN
349,NaN,1.3100100000000001,NaN,NaN,NaN,NaN,340.0,35.0,8400.0,Client,NaN,NaN,NaN,NaN,NaN,NaN
350,NaN,1.3154299999999999,NaN,NaN,NaN,NaN,343.0,37.0,7000.0,Client,NaN,NaN,NaN,NaN,NaN,NaN
351,NaN,1.3188799999999998,NaN,NaN,NaN,NaN,345.0,36.0,8400.0,Client,NaN,NaN,NaN,NaN,NaN,NaN
352,NaN,1.31941,NaN,NaN,NaN,NaN,346.0,37.0,8400.0,Client,NaN,NaN,NaN,NaN,NaN,NaN
353,NaN,1.3262,NaN,NaN,NaN,NaN,349.0,38.0,9800.0,Client,NaN,NaN,NaN,NaN,NaN,NaN
354,NaN,1.32673,NaN,NaN,NaN,NaN,350.0,37.0,5600.0,Client,NaN,NaN,NaN,NaN,NaN,NaN
355,NaN,1.3367200000000001,NaN,NaN,NaN,NaN,354.0,38.0,14000.0,Client,NaN,NaN,NaN,NaN,NaN,NaN
356,NaN,1.3373899999999999,NaN,NaN,NaN,NaN,356.0,39.0,8400.0,Client,NaN,NaN,NaN,NaN,NaN,NaN
357,NaN,1.33861,NaN,NaN,NaN,NaN,357.0,38.0,9800.0,Client,NaN,NaN,NaN,NaN,NaN,NaN
358,NaN,1.33969,NaN,NaN,NaN,NaN,358.0,39.0,2800.0,Client,NaN,NaN,NaN,NaN,NaN,NaN
359,NaN,1.3488200000000001,NaN,NaN,NaN,NaN,362.0,40.0,9800.0,Client,NaN,NaN,NaN,NaN,NaN,NaN
360,NaN,1.34933,NaN,NaN,NaN,NaN,363.0,39.0,8400.0,Client,NaN,NaN,NaN,NaN,NaN,NaN
361,NaN,1.3503399999999999,NaN,NaN,NaN,NaN,364.0,40.0,8400.0,Client,NaN,NaN,NaN,NaN,NaN,NaN
362,NaN,1.35704,NaN,NaN,NaN,NaN,368.0,41.0,7000.0,Client,NaN,NaN,NaN,NaN,NaN,NaN
363,NaN,1.36002,NaN,NaN,NaN,NaN,369.0,40.0,8400.0,Client,NaN,NaN,NaN,NaN,NaN,NaN
364,NaN,1.361,NaN,NaN,NaN,NaN,370.0,41.0,8400.0,Client,NaN,NaN,NaN,NaN,NaN,NaN
365,NaN,1.36798,NaN,NaN,NaN,NaN,374.0,41.0,8400.0,Client,NaN,NaN,NaN,NaN,NaN,NaN
366,NaN,1.36973,NaN,NaN,NaN,NaN,375.0,43.0,9800.0,Client,NaN,NaN,NaN,NaN,NaN,NaN
367,NaN,1.3713,NaN,NaN,NaN,NaN,376.0,43.0,9800.0,Client,NaN,NaN,NaN,NaN,NaN,NaN
368,NaN,1.37796,NaN,NaN,NaN,NaN,380.0,44.0,7000.0,Client,NaN,NaN,NaN,NaN,NaN,NaN
369,NaN,1.37919,NaN,NaN,NaN,NaN,381.0,42.0,8400.0,Client,NaN,NaN,NaN,NaN,NaN,NaN
370,NaN,1.3808200000000002,NaN,NaN,NaN,NaN,382.0,43.0,1400.0,Client,NaN,NaN,NaN,NaN,NaN,NaN
371,NaN,1.38525,NaN,NaN,NaN,NaN,385.0,44.0,12113.0,Client,NaN,NaN,NaN,NaN,NaN,NaN
372,NaN,1.3874600000000001,NaN,NaN,NaN,NaN,387.0,44.0,5600.0,Client,NaN,NaN,NaN,NaN,NaN,NaN
373,NaN,1.3886399999999999,NaN,NaN,NaN,NaN,388.0,45.0,9800.0,Client,NaN,NaN,NaN,NaN,NaN,NaN
374,NaN,1.3901299999999999,NaN,NaN,NaN,NaN,389.0,45.0,2800.0,Client,NaN,NaN,NaN,NaN,NaN,NaN
375,NaN,1.3969200000000002,NaN,NaN,NaN,NaN,393.0,46.0,7000.0,Client,NaN,NaN,NaN,NaN,NaN,NaN
376,NaN,1.39739,NaN,NaN,NaN,NaN,394.0,45.0,8400.0,Client,NaN,NaN,NaN,NaN,NaN,NaN
377,NaN,1.39895,NaN,NaN,NaN,NaN,395.0,46.0,8400.0,Client,NaN,NaN,NaN,NaN,NaN,NaN
378,NaN,1.40812,NaN,NaN,NaN,NaN,399.0,47.0,8400.0,Client,NaN,NaN,NaN,NaN,NaN,NaN
379,NaN,1.40931,NaN,NaN,NaN,NaN,400.0,46.0,8400.0,Client,NaN,NaN,NaN,NaN,NaN,NaN
380,NaN,1.4103700000000001,NaN,NaN,NaN,NaN,401.0,47.0,8400.0,Client,NaN,NaN,NaN,NaN,NaN,NaN
381,NaN,1.4169399999999999,NaN,NaN,NaN,NaN,405.0,47.0,8400.0,Client,NaN,NaN,NaN,NaN,NaN,NaN
382,NaN,1.41916,NaN,NaN,NaN,NaN,406.0,48.0,8400.0,Client,NaN,NaN,NaN,NaN,NaN,NaN
383,NaN,1.42078,NaN,NaN,NaN,NaN,407.0,48.0,8400.0,Client,NaN,NaN,NaN,NaN,NaN,NaN
384,NaN,1.4274799999999999,NaN,NaN,NaN,NaN,411.0,49.0,7000.0,Client,NaN,NaN,NaN,NaN,NaN,NaN
385,NaN,1.42859,NaN,NaN,NaN,NaN,412.0,48.0,8400.0,Client,NaN,NaN,NaN,NaN,NaN,NaN
386,NaN,1.43108,NaN,NaN,NaN,NaN,413.0,49.0,8400.0,Client,NaN,NaN,NaN,NaN,NaN,NaN
387,NaN,1.43871,NaN,NaN,NaN,NaN,415.0,50.0,9800.0,Client,NaN,NaN,NaN,NaN,NaN,NaN
388,NaN,1.4392399999999999,NaN,NaN,NaN,NaN,416.0,49.0,8400.0,Client,NaN,NaN,NaN,NaN,NaN,NaN
389,NaN,1.44075,NaN,NaN,NaN,NaN,417.0,50.0,8400.0,Client,NaN,NaN,NaN,NaN,NaN,NaN
390,NaN,1.44145,NaN,NaN,NaN,NaN,418.0,51.0,1400.0,Client,NaN,NaN,NaN,NaN,NaN,NaN
391,NaN,1.44821,NaN,NaN,NaN,NaN,419.0,51.0,5600.0,Client,NaN,NaN,NaN,NaN,NaN,NaN
392,NaN,1.45068,NaN,NaN,NaN,NaN,420.0,50.0,8400.0,Client,NaN,NaN,NaN,NaN,NaN,NaN
393,NaN,1.45233,NaN,NaN,NaN,NaN,421.0,52.0,9800.0,Client,NaN,NaN,NaN,NaN,NaN,NaN
394,NaN,1.4599799999999998,NaN,NaN,NaN,NaN,422.0,53.0,5600.0,Client,NaN,NaN,NaN,NaN,NaN,NaN
395,NaN,1.46107,NaN,NaN,NaN,NaN,423.0,52.0,9800.0,Client,NaN,NaN,NaN,NaN,NaN,NaN
396,NaN,1.46154,NaN,NaN,NaN,NaN,424.0,52.0,11200.0,Client,NaN,NaN,NaN,NaN,NaN,NaN
397,NaN,1.46756,NaN,NaN,NaN,NaN,425.0,53.0,5600.0,Client,NaN,NaN,NaN,NaN,NaN,NaN
398,NaN,1.46817,NaN,NaN,NaN,NaN,426.0,54.0,7000.0,Client,NaN,NaN,NaN,NaN,NaN,NaN
399,NaN,1.46925,NaN,NaN,NaN,NaN,427.0,53.0,7000.0,Client,NaN,NaN,NaN,NaN,NaN,NaN
400,NaN,1.4732100000000001,NaN,NaN,NaN,NaN,428.0,54.0,4200.0,Client,NaN,NaN,NaN,NaN,NaN,NaN
401,NaN,1.47891,NaN,NaN,NaN,NaN,429.0,55.0,9800.0,Client,NaN,NaN,NaN,NaN,NaN,NaN
402,NaN,1.47937,NaN,NaN,NaN,NaN,430.0,54.0,8400.0,Client,NaN,NaN,NaN,NaN,NaN,NaN
403,NaN,1.4804,NaN,NaN,NaN,NaN,431.0,55.0,5600.0,Client,NaN,NaN,NaN,NaN,NaN,NaN
404,NaN,1.48716,NaN,NaN,NaN,NaN,432.0,56.0,7000.0,Client,NaN,NaN,NaN,NaN,NaN,NaN
405,NaN,1.4876200000000002,NaN,NaN,NaN,NaN,433.0,55.0,7000.0,Client,NaN,NaN,NaN,NaN,NaN,NaN
406,NaN,1.49138,NaN,NaN,NaN,NaN,434.0,56.0,9800.0,Client,NaN,NaN,NaN,NaN,NaN,NaN
407,NaN,1.49765,NaN,NaN,NaN,NaN,435.0,57.0,8400.0,Client,NaN,NaN,NaN,NaN,NaN,NaN
408,NaN,1.49873,NaN,NaN,NaN,NaN,436.0,56.0,8400.0,Client,NaN,NaN,NaN,NaN,NaN,NaN
409,NaN,1.49978,NaN,NaN,NaN,NaN,437.0,57.0,7000.0,Client,NaN,NaN,NaN,NaN,NaN,NaN
410,NaN,1.5085899999999999,NaN,NaN,NaN,NaN,438.0,58.0,8400.0,Client,NaN,NaN,NaN,NaN,NaN,NaN
411,NaN,1.50977,NaN,NaN,NaN,NaN,439.0,57.0,9800.0,Client,NaN,NaN,NaN,NaN,NaN,NaN
412,NaN,1.51025,NaN,NaN,NaN,NaN,440.0,58.0,8400.0,Client,NaN,NaN,NaN,NaN,NaN,NaN
413,NaN,1.51686,NaN,NaN,NaN,NaN,441.0,59.0,7000.0,Client,NaN,NaN,NaN,NaN,NaN,NaN
414,NaN,1.51806,NaN,NaN,NaN,NaN,442.0,58.0,7000.0,Client,NaN,NaN,NaN,NaN,NaN,NaN
415,NaN,1.5214299999999998,NaN,NaN,NaN,NaN,443.0,59.0,8400.0,Client,NaN,NaN,NaN,NaN,NaN,NaN
416,NaN,1.52829,NaN,NaN,NaN,NaN,444.0,60.0,9800.0,Client,NaN,NaN,NaN,NaN,NaN,NaN
417,NaN,1.52875,NaN,NaN,NaN,NaN,445.0,59.0,8400.0,Client,NaN,NaN,NaN,NaN,NaN,NaN
418,NaN,1.52975,NaN,NaN,NaN,NaN,446.0,60.0,7000.0,Client,NaN,NaN,NaN,NaN,NaN,NaN
419,NaN,1.53957,NaN,NaN,NaN,NaN,447.0,61.0,8400.0,Client,NaN,NaN,NaN,NaN,NaN,NaN
420,NaN,1.54074,NaN,NaN,NaN,NaN,448.0,60.0,9800.0,Client,NaN,NaN,NaN,NaN,NaN,NaN
421,NaN,1.54131,NaN,NaN,NaN,NaN,449.0,61.0,9800.0,Client,NaN,NaN,NaN,NaN,NaN,NaN
422,NaN,1.54818,NaN,NaN,NaN,NaN,450.0,62.0,8400.0,Client,NaN,NaN,NaN,NaN,NaN,NaN
423,NaN,1.54867,NaN,NaN,NaN,NaN,451.0,61.0,5600.0,Client,NaN,458.0,59.0,8400.0,Client,NaN
424,NaN,1.5518399999999999,NaN,NaN,NaN,NaN,452.0,62.0,8400.0,Client,NaN,NaN,NaN,NaN,NaN,NaN
425,NaN,1.55797,NaN,NaN,NaN,NaN,453.0,63.0,7000.0,Client,NaN,NaN,NaN,NaN,NaN,NaN
426,NaN,1.55869,NaN,NaN,NaN,NaN,454.0,64.0,1400.0,Client,NaN,NaN,NaN,NaN,NaN,NaN
427,NaN,1.55925,NaN,NaN,NaN,NaN,455.0,62.0,9800.0,Client,NaN,NaN,NaN,NaN,NaN,NaN
428,NaN,1.5629,NaN,NaN,NaN,NaN,456.0,63.0,9800.0,Client,NaN,NaN,NaN,NaN,NaN,NaN
429,NaN,1.56829,NaN,NaN,NaN,NaN,457.0,65.0,8400.0,Client,NaN,NaN,NaN,NaN,NaN,NaN
430,NaN,1.5687799999999998,NaN,NaN,NaN,NaN,458.0,63.0,8400.0,Client,NaN,NaN,NaN,NaN,NaN,NaN
431,NaN,1.5703,NaN,NaN,NaN,NaN,459.0,64.0,7000.0,Client,NaN,NaN,NaN,NaN,NaN,NaN
432,NaN,1.57818,NaN,NaN,NaN,NaN,460.0,65.0,5600.0,Client,NaN,NaN,NaN,NaN,NaN,NaN
433,NaN,1.57933,NaN,NaN,NaN,NaN,461.0,66.0,8400.0,Client,NaN,NaN,NaN,NaN,NaN,NaN
434,NaN,1.58047,NaN,NaN,NaN,NaN,462.0,65.0,9800.0,Client,NaN,NaN,NaN,NaN,NaN,NaN
435,NaN,1.5809799999999998,NaN,NaN,NaN,NaN,463.0,66.0,2800.0,Client,NaN,NaN,NaN,NaN,NaN,NaN
436,NaN,1.5872700000000002,NaN,NaN,NaN,NaN,464.0,67.0,7000.0,Client,NaN,NaN,NaN,NaN,NaN,NaN
437,NaN,1.58847,NaN,NaN,NaN,NaN,465.0,66.0,5600.0,Client,NaN,NaN,NaN,NaN,NaN,NaN
438,NaN,1.59166,NaN,NaN,NaN,NaN,466.0,67.0,8400.0,Client,NaN,NaN,NaN,NaN,NaN,NaN
439,NaN,1.5977299999999999,NaN,NaN,NaN,NaN,467.0,68.0,8400.0,Client,NaN,NaN,NaN,NaN,NaN,NaN
440,NaN,1.5989200000000001,NaN,NaN,NaN,NaN,468.0,67.0,9800.0,Client,NaN,NaN,NaN,NaN,NaN,NaN
441,NaN,1.59945,NaN,NaN,NaN,NaN,469.0,68.0,7000.0,Client,NaN,NaN,NaN,NaN,NaN,NaN
442,NaN,1.60608,NaN,NaN,NaN,NaN,470.0,69.0,7000.0,Client,NaN,NaN,NaN,NaN,NaN,NaN
443,NaN,1.60722,NaN,NaN,NaN,NaN,471.0,68.0,7000.0,Client,NaN,NaN,NaN,NaN,NaN,NaN
444,NaN,1.61144,NaN,NaN,NaN,NaN,472.0,69.0,9800.0,Client,NaN,NaN,NaN,NaN,NaN,NaN
445,NaN,1.61705,NaN,NaN,NaN,NaN,473.0,70.0,9800.0,Client,NaN,NaN,NaN,NaN,NaN,NaN
446,NaN,1.61752,NaN,NaN,NaN,NaN,474.0,69.0,8400.0,Client,NaN,NaN,NaN,NaN,NaN,NaN
447,NaN,1.6194899999999999,NaN,NaN,NaN,NaN,475.0,70.0,7000.0,Client,NaN,NaN,NaN,NaN,NaN,NaN
448,NaN,1.62581,NaN,NaN,NaN,NaN,476.0,71.0,7000.0,Client,NaN,NaN,NaN,NaN,NaN,NaN
449,NaN,1.62681,NaN,NaN,NaN,NaN,477.0,70.0,8400.0,Client,NaN,NaN,NaN,NaN,NaN,NaN
450,NaN,1.63009,NaN,NaN,NaN,NaN,478.0,71.0,8400.0,Client,NaN,NaN,NaN,NaN,NaN,NaN
451,NaN,1.6366,NaN,NaN,NaN,NaN,479.0,72.0,8400.0,Client,NaN,NaN,NaN,NaN,NaN,NaN
452,NaN,1.6376600000000001,NaN,NaN,NaN,NaN,480.0,71.0,7000.0,Client,NaN,NaN,NaN,NaN,NaN,NaN
453,NaN,1.6408099999999999,NaN,NaN,NaN,NaN,481.0,72.0,8400.0,Client,NaN,NaN,NaN,NaN,NaN,NaN
454,NaN,1.6471,NaN,NaN,NaN,NaN,482.0,74.0,8400.0,Client,NaN,NaN,NaN,NaN,NaN,NaN
455,NaN,1.6482400000000001,NaN,NaN,NaN,NaN,483.0,72.0,9800.0,Client,NaN,NaN,NaN,NaN,NaN,NaN
456,NaN,1.64923,NaN,NaN,NaN,NaN,484.0,74.0,8400.0,Client,NaN,NaN,NaN,NaN,NaN,NaN
457,NaN,1.65757,NaN,NaN,NaN,NaN,485.0,75.0,9800.0,Client,NaN,NaN,NaN,NaN,NaN,NaN
458,NaN,1.65802,NaN,NaN,NaN,NaN,486.0,73.0,8400.0,Client,NaN,491.0,70.0,8400.0,Client,NaN
459,NaN,1.6613,NaN,NaN,NaN,NaN,487.0,74.0,2800.0,Client,NaN,NaN,NaN,NaN,NaN,NaN
460,NaN,1.6669,NaN,NaN,NaN,NaN,488.0,75.0,5600.0,Client,NaN,NaN,NaN,NaN,NaN,NaN
461,NaN,1.66736,NaN,NaN,NaN,NaN,489.0,75.0,14000.0,Client,NaN,NaN,NaN,NaN,NaN,NaN
462,NaN,1.6685299999999998,NaN,NaN,NaN,NaN,490.0,76.0,8400.0,Client,NaN,NaN,NaN,NaN,NaN,NaN
463,NaN,1.6702,NaN,NaN,NaN,NaN,491.0,76.0,2800.0,Client,NaN,NaN,NaN,NaN,NaN,NaN
464,NaN,1.67707,NaN,NaN,NaN,NaN,492.0,77.0,7000.0,Client,NaN,NaN,NaN,NaN,NaN,NaN
465,NaN,1.6782400000000002,NaN,NaN,NaN,NaN,493.0,76.0,8400.0,Client,NaN,NaN,NaN,NaN,NaN,NaN
466,NaN,1.68082,NaN,NaN,NaN,NaN,494.0,77.0,8400.0,Client,NaN,NaN,NaN,NaN,NaN,NaN
467,NaN,1.6875,NaN,NaN,NaN,NaN,495.0,78.0,9800.0,Client,NaN,NaN,NaN,NaN,NaN,NaN
468,NaN,1.6879400000000002,NaN,NaN,NaN,NaN,496.0,77.0,8400.0,Client,NaN,NaN,NaN,NaN,NaN,NaN
469,NaN,1.68894,NaN,NaN,NaN,NaN,497.0,78.0,7000.0,Client,NaN,NaN,NaN,NaN,NaN,NaN
470,NaN,1.6957799999999998,NaN,NaN,NaN,NaN,498.0,79.0,7000.0,Client,NaN,NaN,NaN,NaN,NaN,NaN
471,NaN,1.6963400000000002,NaN,NaN,NaN,NaN,499.0,78.0,7000.0,Client,NaN,NaN,NaN,NaN,NaN,NaN
472,NaN,1.7002,NaN,NaN,NaN,NaN,500.0,79.0,9800.0,Client,NaN,NaN,NaN,NaN,NaN,NaN
473,NaN,1.7058200000000001,NaN,NaN,NaN,NaN,501.0,80.0,8400.0,Client,NaN,NaN,NaN,NaN,NaN,NaN
474,NaN,1.7064,NaN,NaN,NaN,NaN,502.0,79.0,8400.0,Client,NaN,NaN,NaN,NaN,NaN,NaN
475,NaN,1.7079099999999998,NaN,NaN,NaN,NaN,503.0,80.0,7000.0,Client,NaN,NaN,NaN,NaN,NaN,NaN
476,NaN,1.7156,NaN,NaN,NaN,NaN,504.0,80.0,8400.0,Client,NaN,NaN,NaN,NaN,NaN,NaN
477,NaN,1.75568,NaN,NaN,NaN,NaN,505.0,81.0,40712.0,Client,NaN,NaN,NaN,NaN,NaN,NaN
478,NaN,1.8445599999999998,NaN,NaN,NaN,NaN,506.0,81.0,112112.0,Client,NaN,NaN,NaN,NaN,NaN,NaN
479,NaN,1.92735,NaN,NaN,NaN,NaN,507.0,81.0,175112.0,Client,NaN,NaN,NaN,NaN,NaN,NaN
480,NaN,2.20132,NaN,NaN,NaN,NaN,508.0,82.0,369357.0,Client,NaN,NaN,NaN,NaN,NaN,NaN
481,NaN,2.28678,NaN,NaN,NaN,NaN,509.0,82.0,366557.0,Client,NaN,NaN,NaN,NaN,NaN,NaN
482,NaN,2.3678,NaN,NaN,NaN,NaN,510.0,82.0,365157.0,Client,NaN,NaN,NaN,NaN,NaN,NaN
483,NaN,2.6389,NaN,NaN,NaN,NaN,511.0,83.0,359800.0,Client,NaN,NaN,NaN,NaN,NaN,NaN
484,NaN,2.71906,NaN,NaN,NaN,NaN,512.0,83.0,357000.0,Client,NaN,NaN,NaN,NaN,NaN,NaN
485,NaN,2.80165,NaN,NaN,NaN,NaN,513.0,83.0,354423.0,Client,NaN,NaN,NaN,NaN,NaN,NaN
486,NaN,3.06515,NaN,NaN,NaN,NaN,514.0,84.0,348600.0,Client,NaN,NaN,NaN,NaN,NaN,NaN
487,NaN,3.14538,NaN,NaN,NaN,NaN,515.0,84.0,345800.0,Client,NaN,NaN,NaN,NaN,NaN,NaN
488,NaN,3.22181,NaN,NaN,NaN,NaN,516.0,84.0,344120.0,Client,NaN,NaN,NaN,NaN,NaN,NaN
489,NaN,3.4843300000000004,NaN,NaN,NaN,NaN,517.0,85.0,340236.0,Client,NaN,NaN,NaN,NaN,NaN,NaN
490,NaN,3.56585,NaN,NaN,NaN,NaN,518.0,85.0,337436.0,Client,NaN,NaN,NaN,NaN,NaN,NaN
491,NaN,3.6416199999999996,NaN,NaN,NaN,NaN,519.0,85.0,336000.0,Client,NaN,NaN,NaN,NaN,NaN,NaN
492,NaN,3.90364,NaN,NaN,NaN,NaN,520.0,86.0,333682.0,Client,NaN,NaN,NaN,NaN,NaN,NaN
493,NaN,3.97992,NaN,NaN,NaN,NaN,521.0,86.0,332282.0,Client,NaN,NaN,NaN,NaN,NaN,NaN
494,NaN,4.0553099999999995,NaN,NaN,NaN,NaN,522.0,86.0,330882.0,Client,NaN,NaN,NaN,NaN,NaN,NaN
495,NaN,4.307259999999999,NaN,NaN,NaN,NaN,523.0,87.0,325733.0,Client,NaN,NaN,NaN,NaN,NaN,NaN
496,NaN,4.37812,NaN,NaN,NaN,NaN,524.0,87.0,324333.0,Client,NaN,NaN,NaN,NaN,NaN,NaN
497,NaN,4.45211,NaN,NaN,NaN,NaN,525.0,87.0,323400.0,Client,NaN,NaN,NaN,NaN,NaN,NaN
498,NaN,4.69106,NaN,NaN,NaN,NaN,526.0,88.0,323008.0,Client,NaN,NaN,NaN,NaN,NaN,NaN
499,NaN,4.76123,NaN,NaN,NaN,NaN,527.0,88.0,320600.0,Client,NaN,NaN,NaN,NaN,NaN,NaN
500,NaN,4.83141,NaN,NaN,NaN,NaN,528.0,88.0,320208.0,Client,NaN,NaN,NaN,NaN,NaN,NaN
501,NaN,5.06428,NaN,NaN,NaN,NaN,529.0,89.0,316509.0,Client,NaN,NaN,NaN,NaN,NaN,NaN
502,NaN,5.13061,NaN,NaN,NaN,NaN,530.0,89.0,316509.0,Client,NaN,NaN,NaN,NaN,NaN,NaN
503,NaN,5.19888,NaN,NaN,NaN,NaN,531.0,89.0,315109.0,Client,NaN,NaN,NaN,NaN,NaN,NaN
504,NaN,5.4333599999999995,NaN,NaN,NaN,NaN,532.0,90.0,316400.0,Client,NaN,NaN,NaN,NaN,NaN,NaN
505,NaN,5.49566,NaN,NaN,NaN,NaN,533.0,90.0,314526.0,Client,NaN,NaN,NaN,NaN,NaN,NaN
506,NaN,5.5659,NaN,NaN,NaN,NaN,534.0,90.0,314526.0,Client,NaN,NaN,NaN,NaN,NaN,NaN
507,NaN,5.80178,NaN,NaN,NaN,NaN,535.0,91.0,319367.0,Client,NaN,NaN,NaN,NaN,NaN,NaN
508,NaN,5.85982,NaN,NaN,NaN,NaN,536.0,91.0,316567.0,Client,NaN,NaN,NaN,NaN,NaN,NaN
509,NaN,5.92545,NaN,NaN,NaN,NaN,537.0,91.0,316400.0,Client,NaN,NaN,NaN,NaN,NaN,NaN
510,NaN,0.71428,NaN,NaN,NaN,NaN,NaN,NaN,NaN,NaN,NaN,68.0,1.0,3081.0,Client,NaN
511,NaN,0.718528,NaN,NaN,NaN,NaN,NaN,NaN,NaN,NaN,NaN,71.0,2.0,3081.0,Client,NaN
512,NaN,0.84885,NaN,NaN,NaN,NaN,NaN,NaN,NaN,NaN,NaN,111.0,3.0,304068.0,Client,NaN
513,NaN,0.889534,NaN,NaN,NaN,NaN,NaN,NaN,NaN,NaN,NaN,124.0,2.0,3081.0,Client,NaN
514,NaN,0.891439,NaN,NaN,NaN,NaN,NaN,NaN,NaN,NaN,NaN,125.0,3.0,304068.0,Client,NaN
515,NaN,1.02546,NaN,NaN,NaN,NaN,NaN,NaN,NaN,NaN,NaN,167.0,4.0,176400.0,Client,NaN
516,NaN,1.0282200000000001,NaN,NaN,NaN,NaN,NaN,NaN,NaN,NaN,NaN,169.0,3.0,99400.0,Client,NaN
517,NaN,1.02975,NaN,NaN,NaN,NaN,NaN,NaN,NaN,NaN,NaN,170.0,4.0,99400.0,Client,NaN
518,NaN,1.03414,NaN,NaN,NaN,NaN,NaN,NaN,NaN,NaN,NaN,172.0,4.0,5600.0,Client,NaN
519,NaN,1.0346600000000001,NaN,NaN,NaN,NaN,NaN,NaN,NaN,NaN,NaN,174.0,5.0,4200.0,Client,NaN
520,NaN,1.03591,NaN,NaN,NaN,NaN,NaN,NaN,NaN,NaN,NaN,175.0,5.0,8400.0,Client,NaN
521,NaN,1.0376299999999998,NaN,NaN,NaN,NaN,NaN,NaN,NaN,NaN,NaN,177.0,5.0,2800.0,Client,NaN
522,NaN,1.03865,NaN,NaN,NaN,NaN,NaN,NaN,NaN,NaN,NaN,178.0,6.0,4200.0,Client,NaN
523,NaN,1.0393700000000001,NaN,NaN,NaN,NaN,NaN,NaN,NaN,NaN,NaN,179.0,6.0,2800.0,Client,NaN
524,NaN,1.0416299999999998,NaN,NaN,NaN,NaN,NaN,NaN,NaN,NaN,NaN,180.0,7.0,2800.0,Client,NaN
525,NaN,1.04219,NaN,NaN,NaN,NaN,NaN,NaN,NaN,NaN,NaN,181.0,6.0,2800.0,Client,NaN
526,NaN,1.04312,NaN,NaN,NaN,NaN,NaN,NaN,NaN,NaN,NaN,182.0,7.0,2800.0,Client,NaN
527,NaN,1.0469899999999999,NaN,NaN,NaN,NaN,NaN,NaN,NaN,NaN,NaN,186.0,8.0,4200.0,Client,NaN
528,NaN,1.04745,NaN,NaN,NaN,NaN,NaN,NaN,NaN,NaN,NaN,187.0,7.0,4200.0,Client,NaN
529,NaN,1.0489700000000002,NaN,NaN,NaN,NaN,NaN,NaN,NaN,NaN,NaN,188.0,8.0,5600.0,Client,NaN
530,NaN,1.05544,NaN,NaN,NaN,NaN,NaN,NaN,NaN,NaN,NaN,191.0,9.0,7000.0,Client,NaN
531,NaN,1.05588,NaN,NaN,NaN,NaN,NaN,NaN,NaN,NaN,NaN,192.0,8.0,7000.0,Client,NaN
532,NaN,1.05683,NaN,NaN,NaN,NaN,NaN,NaN,NaN,NaN,NaN,193.0,9.0,5600.0,Client,NaN
533,NaN,1.0645200000000001,NaN,NaN,NaN,NaN,NaN,NaN,NaN,NaN,NaN,196.0,9.0,8400.0,Client,NaN
534,NaN,1.06629,NaN,NaN,NaN,NaN,NaN,NaN,NaN,NaN,NaN,198.0,10.0,8400.0,Client,NaN
535,NaN,1.06788,NaN,NaN,NaN,NaN,NaN,NaN,NaN,NaN,NaN,200.0,10.0,9800.0,Client,NaN
536,NaN,1.07457,NaN,NaN,NaN,NaN,NaN,NaN,NaN,NaN,NaN,202.0,11.0,7000.0,Client,NaN
537,NaN,1.07736,NaN,NaN,NaN,NaN,NaN,NaN,NaN,NaN,NaN,205.0,10.0,9800.0,Client,NaN
538,NaN,1.07828,NaN,NaN,NaN,NaN,NaN,NaN,NaN,NaN,NaN,206.0,11.0,8400.0,Client,NaN
539,NaN,1.08626,NaN,NaN,NaN,NaN,NaN,NaN,NaN,NaN,NaN,209.0,11.0,8400.0,Client,NaN
540,NaN,1.0878700000000001,NaN,NaN,NaN,NaN,NaN,NaN,NaN,NaN,NaN,211.0,12.0,11200.0,Client,NaN
541,NaN,1.0888,NaN,NaN,NaN,NaN,NaN,NaN,NaN,NaN,NaN,212.0,12.0,9800.0,Client,NaN
542,NaN,1.0982100000000001,NaN,NaN,NaN,NaN,NaN,NaN,NaN,NaN,NaN,216.0,13.0,8400.0,Client,NaN
543,NaN,1.0993600000000001,NaN,NaN,NaN,NaN,NaN,NaN,NaN,NaN,NaN,217.0,12.0,9800.0,Client,NaN
544,NaN,1.10048,NaN,NaN,NaN,NaN,NaN,NaN,NaN,NaN,NaN,218.0,13.0,8400.0,Client,NaN
545,NaN,1.10891,NaN,NaN,NaN,NaN,NaN,NaN,NaN,NaN,NaN,222.0,14.0,9800.0,Client,NaN
546,NaN,1.10945,NaN,NaN,NaN,NaN,NaN,NaN,NaN,NaN,NaN,223.0,13.0,8400.0,Client,NaN
547,NaN,1.11093,NaN,NaN,NaN,NaN,NaN,NaN,NaN,NaN,NaN,224.0,14.0,9800.0,Client,NaN
548,NaN,1.1199,NaN,NaN,NaN,NaN,NaN,NaN,NaN,NaN,NaN,228.0,15.0,8400.0,Client,NaN
549,NaN,1.12107,NaN,NaN,NaN,NaN,NaN,NaN,NaN,NaN,NaN,229.0,14.0,9800.0,Client,NaN
550,NaN,1.1220299999999999,NaN,NaN,NaN,NaN,NaN,NaN,NaN,NaN,NaN,230.0,15.0,8400.0,Client,NaN
551,NaN,1.1310200000000001,NaN,NaN,NaN,NaN,NaN,NaN,NaN,NaN,NaN,234.0,16.0,9800.0,Client,NaN
552,NaN,1.1314600000000001,NaN,NaN,NaN,NaN,NaN,NaN,NaN,NaN,NaN,235.0,15.0,8400.0,Client,NaN
553,NaN,1.13294,NaN,NaN,NaN,NaN,NaN,NaN,NaN,NaN,NaN,236.0,16.0,9800.0,Client,NaN
554,NaN,1.14199,NaN,NaN,NaN,NaN,NaN,NaN,NaN,NaN,NaN,240.0,17.0,8400.0,Client,NaN
555,NaN,1.1432,NaN,NaN,NaN,NaN,NaN,NaN,NaN,NaN,NaN,241.0,16.0,9800.0,Client,NaN
556,NaN,1.14591,NaN,NaN,NaN,NaN,NaN,NaN,NaN,NaN,NaN,244.0,17.0,9800.0,Client,NaN
557,NaN,1.15344,NaN,NaN,NaN,NaN,NaN,NaN,NaN,NaN,NaN,246.0,18.0,9800.0,Client,NaN
558,NaN,1.1539,NaN,NaN,NaN,NaN,NaN,NaN,NaN,NaN,NaN,247.0,17.0,8400.0,Client,NaN
559,NaN,1.15778,NaN,NaN,NaN,NaN,NaN,NaN,NaN,NaN,NaN,251.0,18.0,9800.0,Client,NaN
560,NaN,1.1644,NaN,NaN,NaN,NaN,NaN,NaN,NaN,NaN,NaN,253.0,19.0,8400.0,Client,NaN
561,NaN,1.16553,NaN,NaN,NaN,NaN,NaN,NaN,NaN,NaN,NaN,255.0,18.0,9800.0,Client,NaN
562,NaN,1.16596,NaN,NaN,NaN,NaN,NaN,NaN,NaN,NaN,NaN,256.0,19.0,7000.0,Client,NaN
563,NaN,1.17159,NaN,NaN,NaN,NaN,NaN,NaN,NaN,NaN,NaN,258.0,20.0,7000.0,Client,NaN
564,NaN,1.17212,NaN,NaN,NaN,NaN,NaN,NaN,NaN,NaN,NaN,259.0,19.0,5600.0,Client,NaN
565,NaN,1.17305,NaN,NaN,NaN,NaN,NaN,NaN,NaN,NaN,NaN,260.0,20.0,5600.0,Client,NaN
566,NaN,1.17993,NaN,NaN,NaN,NaN,NaN,NaN,NaN,NaN,NaN,264.0,21.0,7000.0,Client,NaN
567,NaN,1.18048,NaN,NaN,NaN,NaN,NaN,NaN,NaN,NaN,NaN,265.0,20.0,7000.0,Client,NaN
568,NaN,1.1815,NaN,NaN,NaN,NaN,NaN,NaN,NaN,NaN,NaN,266.0,21.0,7000.0,Client,NaN
569,NaN,1.18756,NaN,NaN,NaN,NaN,NaN,NaN,NaN,NaN,NaN,270.0,22.0,5600.0,Client,NaN
570,NaN,1.1889100000000001,NaN,NaN,NaN,NaN,NaN,NaN,NaN,NaN,NaN,271.0,21.0,7445.0,Client,NaN
571,NaN,1.18944,NaN,NaN,NaN,NaN,NaN,NaN,NaN,NaN,NaN,272.0,22.0,7000.0,Client,NaN
572,NaN,1.19397,NaN,NaN,NaN,NaN,NaN,NaN,NaN,NaN,NaN,274.0,23.0,5600.0,Client,NaN
573,NaN,1.1961600000000001,NaN,NaN,NaN,NaN,NaN,NaN,NaN,NaN,NaN,276.0,23.0,5600.0,Client,NaN
574,NaN,1.1979600000000001,NaN,NaN,NaN,NaN,NaN,NaN,NaN,NaN,NaN,278.0,22.0,7000.0,Client,NaN
575,NaN,1.20066,NaN,NaN,NaN,NaN,NaN,NaN,NaN,NaN,NaN,279.0,23.0,2800.0,Client,NaN
576,NaN,1.20183,NaN,NaN,NaN,NaN,NaN,NaN,NaN,NaN,NaN,280.0,24.0,5600.0,Client,NaN
577,NaN,1.2035799999999999,NaN,NaN,NaN,NaN,NaN,NaN,NaN,NaN,NaN,281.0,24.0,5600.0,Client,NaN
578,NaN,1.2077,NaN,NaN,NaN,NaN,NaN,NaN,NaN,NaN,NaN,285.0,25.0,5600.0,Client,NaN
579,NaN,1.20814,NaN,NaN,NaN,NaN,NaN,NaN,NaN,NaN,NaN,286.0,24.0,5600.0,Client,NaN
580,NaN,1.20917,NaN,NaN,NaN,NaN,NaN,NaN,NaN,NaN,NaN,287.0,25.0,4200.0,Client,NaN
581,NaN,1.21543,NaN,NaN,NaN,NaN,NaN,NaN,NaN,NaN,NaN,290.0,26.0,5600.0,Client,NaN
582,NaN,1.21656,NaN,NaN,NaN,NaN,NaN,NaN,NaN,NaN,NaN,291.0,25.0,7000.0,Client,NaN
583,NaN,1.21702,NaN,NaN,NaN,NaN,NaN,NaN,NaN,NaN,NaN,293.0,26.0,7000.0,Client,NaN
584,NaN,1.22094,NaN,NaN,NaN,NaN,NaN,NaN,NaN,NaN,NaN,294.0,27.0,5600.0,Client,NaN
585,NaN,1.22139,NaN,NaN,NaN,NaN,NaN,NaN,NaN,NaN,NaN,295.0,26.0,4200.0,Client,NaN
586,NaN,1.2253399999999999,NaN,NaN,NaN,NaN,NaN,NaN,NaN,NaN,NaN,298.0,27.0,7000.0,Client,NaN
587,NaN,1.22936,NaN,NaN,NaN,NaN,NaN,NaN,NaN,NaN,NaN,300.0,28.0,7000.0,Client,NaN
588,NaN,1.22989,NaN,NaN,NaN,NaN,NaN,NaN,NaN,NaN,NaN,301.0,27.0,7000.0,Client,NaN
589,NaN,1.2319200000000001,NaN,NaN,NaN,NaN,NaN,NaN,NaN,NaN,NaN,302.0,28.0,5600.0,Client,NaN
590,NaN,1.23834,NaN,NaN,NaN,NaN,NaN,NaN,NaN,NaN,NaN,306.0,29.0,7000.0,Client,NaN
591,NaN,1.24171,NaN,NaN,NaN,NaN,NaN,NaN,NaN,NaN,NaN,307.0,28.0,8400.0,Client,NaN
592,NaN,1.24261,NaN,NaN,NaN,NaN,NaN,NaN,NaN,NaN,NaN,308.0,29.0,8400.0,Client,NaN
593,NaN,1.2489299999999999,NaN,NaN,NaN,NaN,NaN,NaN,NaN,NaN,NaN,312.0,30.0,8400.0,Client,NaN
594,NaN,1.2494299999999998,NaN,NaN,NaN,NaN,NaN,NaN,NaN,NaN,NaN,313.0,29.0,7000.0,Client,NaN
595,NaN,1.25039,NaN,NaN,NaN,NaN,NaN,NaN,NaN,NaN,NaN,314.0,30.0,5600.0,Client,NaN
596,NaN,1.2572,NaN,NaN,NaN,NaN,NaN,NaN,NaN,NaN,NaN,318.0,31.0,7000.0,Client,NaN
597,NaN,1.2577,NaN,NaN,NaN,NaN,NaN,NaN,NaN,NaN,NaN,319.0,30.0,7000.0,Client,NaN
598,NaN,1.2614,NaN,NaN,NaN,NaN,NaN,NaN,NaN,NaN,NaN,320.0,31.0,9800.0,Client,NaN
599,NaN,1.26763,NaN,NaN,NaN,NaN,NaN,NaN,NaN,NaN,NaN,324.0,32.0,8400.0,Client,NaN
600,NaN,1.26872,NaN,NaN,NaN,NaN,NaN,NaN,NaN,NaN,NaN,325.0,31.0,8400.0,Client,NaN
601,NaN,1.26973,NaN,NaN,NaN,NaN,NaN,NaN,NaN,NaN,NaN,326.0,32.0,7000.0,Client,NaN
602,NaN,1.27803,NaN,NaN,NaN,NaN,NaN,NaN,NaN,NaN,NaN,330.0,33.0,8400.0,Client,NaN
603,NaN,1.2791700000000001,NaN,NaN,NaN,NaN,NaN,NaN,NaN,NaN,NaN,331.0,32.0,9800.0,Client,NaN
604,NaN,1.27972,NaN,NaN,NaN,NaN,NaN,NaN,NaN,NaN,NaN,332.0,33.0,8400.0,Client,NaN
605,NaN,1.28698,NaN,NaN,NaN,NaN,NaN,NaN,NaN,NaN,NaN,336.0,34.0,8400.0,Client,NaN
606,NaN,1.28748,NaN,NaN,NaN,NaN,NaN,NaN,NaN,NaN,NaN,337.0,33.0,7000.0,Client,NaN
607,NaN,1.2907,NaN,NaN,NaN,NaN,NaN,NaN,NaN,NaN,NaN,338.0,34.0,9800.0,Client,NaN
608,NaN,1.29768,NaN,NaN,NaN,NaN,NaN,NaN,NaN,NaN,NaN,342.0,35.0,8400.0,Client,NaN
609,NaN,1.29824,NaN,NaN,NaN,NaN,NaN,NaN,NaN,NaN,NaN,343.0,34.0,8400.0,Client,NaN
610,NaN,1.3019999999999998,NaN,NaN,NaN,NaN,NaN,NaN,NaN,NaN,NaN,344.0,35.0,8400.0,Client,NaN
611,NaN,1.30865,NaN,NaN,NaN,NaN,NaN,NaN,NaN,NaN,NaN,348.0,36.0,8400.0,Client,NaN
612,NaN,1.30977,NaN,NaN,NaN,NaN,NaN,NaN,NaN,NaN,NaN,349.0,35.0,9800.0,Client,NaN
613,NaN,1.3102200000000002,NaN,NaN,NaN,NaN,NaN,NaN,NaN,NaN,NaN,350.0,36.0,7000.0,Client,NaN
614,NaN,1.31646,NaN,NaN,NaN,NaN,NaN,NaN,NaN,NaN,NaN,353.0,37.0,7000.0,Client,NaN
615,NaN,1.3175700000000001,NaN,NaN,NaN,NaN,NaN,NaN,NaN,NaN,NaN,355.0,36.0,5600.0,Client,NaN
616,NaN,1.32074,NaN,NaN,NaN,NaN,NaN,NaN,NaN,NaN,NaN,356.0,37.0,8400.0,Client,NaN
617,NaN,1.32705,NaN,NaN,NaN,NaN,NaN,NaN,NaN,NaN,NaN,360.0,38.0,8400.0,Client,NaN
618,NaN,1.32828,NaN,NaN,NaN,NaN,NaN,NaN,NaN,NaN,NaN,361.0,37.0,9800.0,Client,NaN
619,NaN,1.32873,NaN,NaN,NaN,NaN,NaN,NaN,NaN,NaN,NaN,362.0,38.0,7000.0,Client,NaN
620,NaN,1.33657,NaN,NaN,NaN,NaN,NaN,NaN,NaN,NaN,NaN,365.0,39.0,8400.0,Client,NaN
621,NaN,1.33703,NaN,NaN,NaN,NaN,NaN,NaN,NaN,NaN,NaN,367.0,38.0,7000.0,Client,NaN
622,NaN,1.34029,NaN,NaN,NaN,NaN,NaN,NaN,NaN,NaN,NaN,368.0,39.0,9800.0,Client,NaN
623,NaN,1.34657,NaN,NaN,NaN,NaN,NaN,NaN,NaN,NaN,NaN,371.0,40.0,8400.0,Client,NaN
624,NaN,1.34707,NaN,NaN,NaN,NaN,NaN,NaN,NaN,NaN,NaN,373.0,39.0,8400.0,Client,NaN
625,NaN,1.35176,NaN,NaN,NaN,NaN,NaN,NaN,NaN,NaN,NaN,374.0,40.0,8400.0,Client,NaN
626,NaN,1.3580299999999998,NaN,NaN,NaN,NaN,NaN,NaN,NaN,NaN,NaN,378.0,41.0,8400.0,Client,NaN
627,NaN,1.3591600000000001,NaN,NaN,NaN,NaN,NaN,NaN,NaN,NaN,NaN,379.0,40.0,8400.0,Client,NaN
628,NaN,1.36018,NaN,NaN,NaN,NaN,NaN,NaN,NaN,NaN,NaN,380.0,41.0,7000.0,Client,NaN
629,NaN,1.3685100000000001,NaN,NaN,NaN,NaN,NaN,NaN,NaN,NaN,NaN,384.0,42.0,8400.0,Client,NaN
630,NaN,1.36969,NaN,NaN,NaN,NaN,NaN,NaN,NaN,NaN,NaN,385.0,41.0,9800.0,Client,NaN
631,NaN,1.37067,NaN,NaN,NaN,NaN,NaN,NaN,NaN,NaN,NaN,386.0,42.0,8400.0,Client,NaN
632,NaN,1.37665,NaN,NaN,NaN,NaN,NaN,NaN,NaN,NaN,NaN,389.0,43.0,7000.0,Client,NaN
633,NaN,1.37782,NaN,NaN,NaN,NaN,NaN,NaN,NaN,NaN,NaN,391.0,42.0,7000.0,Client,NaN
634,NaN,1.38168,NaN,NaN,NaN,NaN,NaN,NaN,NaN,NaN,NaN,392.0,43.0,9800.0,Client,NaN
635,NaN,1.38724,NaN,NaN,NaN,NaN,NaN,NaN,NaN,NaN,NaN,396.0,44.0,9800.0,Client,NaN
636,NaN,1.3878,NaN,NaN,NaN,NaN,NaN,NaN,NaN,NaN,NaN,397.0,43.0,8400.0,Client,NaN
637,NaN,1.3916600000000001,NaN,NaN,NaN,NaN,NaN,NaN,NaN,NaN,NaN,398.0,44.0,8400.0,Client,NaN
638,NaN,1.39899,NaN,NaN,NaN,NaN,NaN,NaN,NaN,NaN,NaN,402.0,45.0,8400.0,Client,NaN
639,NaN,1.40019,NaN,NaN,NaN,NaN,NaN,NaN,NaN,NaN,NaN,403.0,44.0,9800.0,Client,NaN
640,NaN,1.40067,NaN,NaN,NaN,NaN,NaN,NaN,NaN,NaN,NaN,404.0,45.0,7000.0,Client,NaN
641,NaN,1.40841,NaN,NaN,NaN,NaN,NaN,NaN,NaN,NaN,NaN,408.0,45.0,7000.0,Client,NaN
642,NaN,1.40959,NaN,NaN,NaN,NaN,NaN,NaN,NaN,NaN,NaN,409.0,46.0,9800.0,Client,NaN
643,NaN,1.41111,NaN,NaN,NaN,NaN,NaN,NaN,NaN,NaN,NaN,410.0,46.0,8400.0,Client,NaN
644,NaN,1.41733,NaN,NaN,NaN,NaN,NaN,NaN,NaN,NaN,NaN,414.0,47.0,5600.0,Client,NaN
645,NaN,1.41845,NaN,NaN,NaN,NaN,NaN,NaN,NaN,NaN,NaN,415.0,46.0,8400.0,Client,NaN
646,NaN,1.42231,NaN,NaN,NaN,NaN,NaN,NaN,NaN,NaN,NaN,416.0,47.0,9800.0,Client,NaN
647,NaN,1.42848,NaN,NaN,NaN,NaN,NaN,NaN,NaN,NaN,NaN,420.0,48.0,9800.0,Client,NaN
648,NaN,1.42892,NaN,NaN,NaN,NaN,NaN,NaN,NaN,NaN,NaN,421.0,47.0,8400.0,Client,NaN
649,NaN,1.42991,NaN,NaN,NaN,NaN,NaN,NaN,NaN,NaN,NaN,422.0,48.0,7000.0,Client,NaN
650,NaN,1.43674,NaN,NaN,NaN,NaN,NaN,NaN,NaN,NaN,NaN,424.0,49.0,7000.0,Client,NaN
651,NaN,1.43723,NaN,NaN,NaN,NaN,NaN,NaN,NaN,NaN,NaN,425.0,48.0,7000.0,Client,NaN
652,NaN,1.4408299999999998,NaN,NaN,NaN,NaN,NaN,NaN,NaN,NaN,NaN,426.0,49.0,8400.0,Client,NaN
653,NaN,1.44759,NaN,NaN,NaN,NaN,NaN,NaN,NaN,NaN,NaN,427.0,50.0,8400.0,Client,NaN
654,NaN,1.44881,NaN,NaN,NaN,NaN,NaN,NaN,NaN,NaN,NaN,428.0,49.0,9800.0,Client,NaN
655,NaN,1.4515200000000001,NaN,NaN,NaN,NaN,NaN,NaN,NaN,NaN,NaN,429.0,50.0,8400.0,Client,NaN
656,NaN,1.45918,NaN,NaN,NaN,NaN,NaN,NaN,NaN,NaN,NaN,430.0,51.0,9800.0,Client,NaN
657,NaN,1.4597200000000001,NaN,NaN,NaN,NaN,NaN,NaN,NaN,NaN,NaN,431.0,50.0,8400.0,Client,NaN
658,NaN,1.46068,NaN,NaN,NaN,NaN,NaN,NaN,NaN,NaN,NaN,432.0,51.0,7000.0,Client,NaN
659,NaN,1.4676,NaN,NaN,NaN,NaN,NaN,NaN,NaN,NaN,NaN,433.0,52.0,7000.0,Client,NaN
660,NaN,1.4707700000000001,NaN,NaN,NaN,NaN,NaN,NaN,NaN,NaN,NaN,434.0,51.0,8400.0,Client,NaN
661,NaN,1.47174,NaN,NaN,NaN,NaN,NaN,NaN,NaN,NaN,NaN,435.0,52.0,9800.0,Client,NaN
662,NaN,1.47787,NaN,NaN,NaN,NaN,NaN,NaN,NaN,NaN,NaN,436.0,53.0,8400.0,Client,NaN
663,NaN,1.4783,NaN,NaN,NaN,NaN,NaN,NaN,NaN,NaN,NaN,437.0,52.0,7000.0,Client,NaN
664,NaN,1.48171,NaN,NaN,NaN,NaN,NaN,NaN,NaN,NaN,NaN,438.0,53.0,8400.0,Client,NaN
665,NaN,1.48844,NaN,NaN,NaN,NaN,NaN,NaN,NaN,NaN,NaN,439.0,54.0,8400.0,Client,NaN
666,NaN,1.48955,NaN,NaN,NaN,NaN,NaN,NaN,NaN,NaN,NaN,440.0,53.0,9800.0,Client,NaN
667,NaN,1.49009,NaN,NaN,NaN,NaN,NaN,NaN,NaN,NaN,NaN,441.0,54.0,7000.0,Client,NaN
668,NaN,1.4982799999999998,NaN,NaN,NaN,NaN,NaN,NaN,NaN,NaN,NaN,442.0,54.0,7000.0,Client,NaN
669,NaN,1.49948,NaN,NaN,NaN,NaN,NaN,NaN,NaN,NaN,NaN,443.0,55.0,9800.0,Client,NaN
670,NaN,1.50091,NaN,NaN,NaN,NaN,NaN,NaN,NaN,NaN,NaN,444.0,55.0,8400.0,Client,NaN
671,NaN,1.50796,NaN,NaN,NaN,NaN,NaN,NaN,NaN,NaN,NaN,445.0,56.0,7000.0,Client,NaN
672,NaN,1.5084,NaN,NaN,NaN,NaN,NaN,NaN,NaN,NaN,NaN,446.0,55.0,8400.0,Client,NaN
673,NaN,1.5122799999999998,NaN,NaN,NaN,NaN,NaN,NaN,NaN,NaN,NaN,447.0,56.0,9800.0,Client,NaN
674,NaN,1.51821,NaN,NaN,NaN,NaN,NaN,NaN,NaN,NaN,NaN,448.0,57.0,8400.0,Client,NaN
675,NaN,1.51939,NaN,NaN,NaN,NaN,NaN,NaN,NaN,NaN,NaN,449.0,56.0,8400.0,Client,NaN
676,NaN,1.5204,NaN,NaN,NaN,NaN,NaN,NaN,NaN,NaN,NaN,450.0,57.0,7000.0,Client,NaN
677,NaN,1.5287,NaN,NaN,NaN,NaN,NaN,NaN,NaN,NaN,NaN,451.0,58.0,8400.0,Client,NaN
678,NaN,1.52987,NaN,NaN,NaN,NaN,NaN,NaN,NaN,NaN,NaN,452.0,57.0,9800.0,Client,NaN
679,NaN,1.5304200000000001,NaN,NaN,NaN,NaN,NaN,NaN,NaN,NaN,NaN,453.0,58.0,8400.0,Client,NaN
680,NaN,1.53775,NaN,NaN,NaN,NaN,NaN,NaN,NaN,NaN,NaN,454.0,59.0,7000.0,Client,NaN
681,NaN,1.53885,NaN,NaN,NaN,NaN,NaN,NaN,NaN,NaN,NaN,455.0,58.0,7000.0,Client,NaN
682,NaN,1.53989,NaN,NaN,NaN,NaN,NaN,NaN,NaN,NaN,NaN,456.0,59.0,8400.0,Client,NaN
683,NaN,1.54821,NaN,NaN,NaN,NaN,NaN,NaN,NaN,NaN,NaN,457.0,60.0,9800.0,Client,NaN
684,NaN,1.5496,NaN,NaN,NaN,NaN,NaN,NaN,NaN,NaN,NaN,459.0,60.0,7000.0,Client,NaN
685,NaN,1.55934,NaN,NaN,NaN,NaN,NaN,NaN,NaN,NaN,NaN,460.0,61.0,8400.0,Client,NaN
686,NaN,1.56045,NaN,NaN,NaN,NaN,NaN,NaN,NaN,NaN,NaN,461.0,60.0,8400.0,Client,NaN
687,NaN,1.56149,NaN,NaN,NaN,NaN,NaN,NaN,NaN,NaN,NaN,462.0,61.0,9800.0,Client,NaN
688,NaN,1.5676299999999999,NaN,NaN,NaN,NaN,NaN,NaN,NaN,NaN,NaN,463.0,62.0,7000.0,Client,NaN
689,NaN,1.56818,NaN,NaN,NaN,NaN,NaN,NaN,NaN,NaN,NaN,464.0,61.0,7000.0,Client,NaN
690,NaN,1.5714,NaN,NaN,NaN,NaN,NaN,NaN,NaN,NaN,NaN,465.0,62.0,8400.0,Client,NaN
691,NaN,1.57778,NaN,NaN,NaN,NaN,NaN,NaN,NaN,NaN,NaN,466.0,63.0,8400.0,Client,NaN
692,NaN,1.5789,NaN,NaN,NaN,NaN,NaN,NaN,NaN,NaN,NaN,467.0,62.0,9800.0,Client,NaN
693,NaN,1.5794,NaN,NaN,NaN,NaN,NaN,NaN,NaN,NaN,NaN,468.0,63.0,7000.0,Client,NaN
694,NaN,1.58616,NaN,NaN,NaN,NaN,NaN,NaN,NaN,NaN,NaN,469.0,64.0,7000.0,Client,NaN
695,NaN,1.58733,NaN,NaN,NaN,NaN,NaN,NaN,NaN,NaN,NaN,470.0,63.0,7000.0,Client,NaN
696,NaN,1.58996,NaN,NaN,NaN,NaN,NaN,NaN,NaN,NaN,NaN,471.0,64.0,8400.0,Client,NaN
697,NaN,1.5969200000000001,NaN,NaN,NaN,NaN,NaN,NaN,NaN,NaN,NaN,472.0,65.0,9800.0,Client,NaN
698,NaN,1.60133,NaN,NaN,NaN,NaN,NaN,NaN,NaN,NaN,NaN,473.0,64.0,11200.0,Client,NaN
699,NaN,1.60184,NaN,NaN,NaN,NaN,NaN,NaN,NaN,NaN,NaN,474.0,65.0,9800.0,Client,NaN
700,NaN,1.60809,NaN,NaN,NaN,NaN,NaN,NaN,NaN,NaN,NaN,475.0,66.0,8400.0,Client,NaN
701,NaN,1.6092600000000001,NaN,NaN,NaN,NaN,NaN,NaN,NaN,NaN,NaN,476.0,65.0,5600.0,Client,NaN
702,NaN,1.6102100000000001,NaN,NaN,NaN,NaN,NaN,NaN,NaN,NaN,NaN,477.0,66.0,7000.0,Client,NaN
703,NaN,1.6172,NaN,NaN,NaN,NaN,NaN,NaN,NaN,NaN,NaN,478.0,66.0,8400.0,Client,NaN
704,NaN,1.61838,NaN,NaN,NaN,NaN,NaN,NaN,NaN,NaN,NaN,479.0,67.0,8400.0,Client,NaN
705,NaN,1.61992,NaN,NaN,NaN,NaN,NaN,NaN,NaN,NaN,NaN,480.0,67.0,8400.0,Client,NaN
706,NaN,1.62656,NaN,NaN,NaN,NaN,NaN,NaN,NaN,NaN,NaN,481.0,68.0,7000.0,Client,NaN
707,NaN,1.62775,NaN,NaN,NaN,NaN,NaN,NaN,NaN,NaN,NaN,482.0,67.0,8400.0,Client,NaN
708,NaN,1.63083,NaN,NaN,NaN,NaN,NaN,NaN,NaN,NaN,NaN,483.0,68.0,9800.0,Client,NaN
709,NaN,1.63609,NaN,NaN,NaN,NaN,NaN,NaN,NaN,NaN,NaN,484.0,68.0,7000.0,Client,NaN
710,NaN,1.63713,NaN,NaN,NaN,NaN,NaN,NaN,NaN,NaN,NaN,485.0,69.0,9800.0,Client,NaN
711,NaN,1.6391900000000001,NaN,NaN,NaN,NaN,NaN,NaN,NaN,NaN,NaN,486.0,69.0,5600.0,Client,NaN
712,NaN,1.64583,NaN,NaN,NaN,NaN,NaN,NaN,NaN,NaN,NaN,487.0,70.0,7000.0,Client,NaN
713,NaN,1.6462900000000003,NaN,NaN,NaN,NaN,NaN,NaN,NaN,NaN,NaN,488.0,69.0,8400.0,Client,NaN
714,NaN,1.64998,NaN,NaN,NaN,NaN,NaN,NaN,NaN,NaN,NaN,489.0,70.0,9800.0,Client,NaN
715,NaN,1.65688,NaN,NaN,NaN,NaN,NaN,NaN,NaN,NaN,NaN,490.0,71.0,8400.0,Client,NaN
716,NaN,1.6611900000000002,NaN,NaN,NaN,NaN,NaN,NaN,NaN,NaN,NaN,492.0,71.0,8400.0,Client,NaN
717,NaN,1.6671799999999999,NaN,NaN,NaN,NaN,NaN,NaN,NaN,NaN,NaN,493.0,72.0,8400.0,Client,NaN
718,NaN,1.66828,NaN,NaN,NaN,NaN,NaN,NaN,NaN,NaN,NaN,494.0,71.0,9800.0,Client,NaN
719,NaN,1.66927,NaN,NaN,NaN,NaN,NaN,NaN,NaN,NaN,NaN,495.0,72.0,8400.0,Client,NaN
720,NaN,1.67622,NaN,NaN,NaN,NaN,NaN,NaN,NaN,NaN,NaN,496.0,73.0,8400.0,Client,NaN
721,NaN,1.67667,NaN,NaN,NaN,NaN,NaN,NaN,NaN,NaN,NaN,497.0,72.0,7000.0,Client,NaN
722,NaN,1.6798099999999998,NaN,NaN,NaN,NaN,NaN,NaN,NaN,NaN,NaN,498.0,73.0,8400.0,Client,NaN
723,NaN,1.6863299999999999,NaN,NaN,NaN,NaN,NaN,NaN,NaN,NaN,NaN,499.0,74.0,8400.0,Client,NaN
724,NaN,1.68685,NaN,NaN,NaN,NaN,NaN,NaN,NaN,NaN,NaN,500.0,73.0,8400.0,Client,NaN
725,NaN,1.68829,NaN,NaN,NaN,NaN,NaN,NaN,NaN,NaN,NaN,501.0,74.0,7000.0,Client,NaN
726,NaN,1.6966400000000001,NaN,NaN,NaN,NaN,NaN,NaN,NaN,NaN,NaN,502.0,75.0,8400.0,Client,NaN
727,NaN,1.6977200000000001,NaN,NaN,NaN,NaN,NaN,NaN,NaN,NaN,NaN,503.0,74.0,8400.0,Client,NaN
728,NaN,1.69872,NaN,NaN,NaN,NaN,NaN,NaN,NaN,NaN,NaN,504.0,75.0,8400.0,Client,NaN
729,NaN,1.7077900000000001,NaN,NaN,NaN,NaN,NaN,NaN,NaN,NaN,NaN,505.0,76.0,8400.0,Client,NaN
730,NaN,1.7090599999999998,NaN,NaN,NaN,NaN,NaN,NaN,NaN,NaN,NaN,506.0,75.0,9800.0,Client,NaN
731,NaN,1.70957,NaN,NaN,NaN,NaN,NaN,NaN,NaN,NaN,NaN,507.0,76.0,8400.0,Client,NaN
732,NaN,1.7173200000000002,NaN,NaN,NaN,NaN,NaN,NaN,NaN,NaN,NaN,508.0,76.0,7000.0,Client,NaN
733,NaN,1.9071799999999999,NaN,NaN,NaN,NaN,NaN,NaN,NaN,NaN,NaN,509.0,77.0,165723.0,Client,NaN
734,NaN,1.91882,NaN,NaN,NaN,NaN,NaN,NaN,NaN,NaN,NaN,510.0,77.0,176923.0,Client,NaN
735,NaN,1.94658,NaN,NaN,NaN,NaN,NaN,NaN,NaN,NaN,NaN,511.0,77.0,190923.0,Client,NaN
736,NaN,2.23965,NaN,NaN,NaN,NaN,NaN,NaN,NaN,NaN,NaN,512.0,78.0,274455.0,Client,NaN
737,NaN,2.2494,NaN,NaN,NaN,NaN,NaN,NaN,NaN,NaN,NaN,513.0,78.0,273055.0,Client,NaN
738,NaN,2.2779700000000003,NaN,NaN,NaN,NaN,NaN,NaN,NaN,NaN,NaN,514.0,78.0,273055.0,Client,NaN
739,NaN,2.563,NaN,NaN,NaN,NaN,NaN,NaN,NaN,NaN,NaN,515.0,79.0,267400.0,Client,NaN
740,NaN,2.5721700000000003,NaN,NaN,NaN,NaN,NaN,NaN,NaN,NaN,NaN,516.0,79.0,266211.0,Client,NaN
741,NaN,2.59802,NaN,NaN,NaN,NaN,NaN,NaN,NaN,NaN,NaN,517.0,79.0,266211.0,Client,NaN
742,NaN,2.8843099999999997,NaN,NaN,NaN,NaN,NaN,NaN,NaN,NaN,NaN,518.0,80.0,261474.0,Client,NaN
743,NaN,2.89155,NaN,NaN,NaN,NaN,NaN,NaN,NaN,NaN,NaN,519.0,80.0,260074.0,Client,NaN
744,NaN,2.9191599999999998,NaN,NaN,NaN,NaN,NaN,NaN,NaN,NaN,NaN,520.0,80.0,260074.0,Client,NaN
745,NaN,3.19651,NaN,NaN,NaN,NaN,NaN,NaN,NaN,NaN,NaN,521.0,81.0,253590.0,Client,NaN
746,NaN,3.2054,NaN,NaN,NaN,NaN,NaN,NaN,NaN,NaN,NaN,522.0,81.0,254990.0,Client,NaN
747,NaN,3.23196,NaN,NaN,NaN,NaN,NaN,NaN,NaN,NaN,NaN,523.0,81.0,253400.0,Client,NaN
748,NaN,3.5111199999999996,NaN,NaN,NaN,NaN,NaN,NaN,NaN,NaN,NaN,524.0,82.0,249200.0,Client,NaN
749,NaN,3.5175199999999998,NaN,NaN,NaN,NaN,NaN,NaN,NaN,NaN,NaN,525.0,82.0,248332.0,Client,NaN
750,NaN,3.54386,NaN,NaN,NaN,NaN,NaN,NaN,NaN,NaN,NaN,526.0,82.0,249200.0,Client,NaN
751,NaN,3.80919,NaN,NaN,NaN,NaN,NaN,NaN,NaN,NaN,NaN,527.0,83.0,243600.0,Client,NaN
752,NaN,3.8160199999999995,NaN,NaN,NaN,NaN,NaN,NaN,NaN,NaN,NaN,528.0,83.0,242357.0,Client,NaN
753,NaN,3.84265,NaN,NaN,NaN,NaN,NaN,NaN,NaN,NaN,NaN,529.0,83.0,242357.0,Client,NaN
754,NaN,4.104019999999999,NaN,NaN,NaN,NaN,NaN,NaN,NaN,NaN,NaN,530.0,84.0,238415.0,Client,NaN
755,NaN,4.107819999999999,NaN,NaN,NaN,NaN,NaN,NaN,NaN,NaN,NaN,531.0,84.0,238415.0,Client,NaN
756,NaN,4.13561,NaN,NaN,NaN,NaN,NaN,NaN,NaN,NaN,NaN,532.0,84.0,238415.0,Client,NaN
757,NaN,4.38774,NaN,NaN,NaN,NaN,NaN,NaN,NaN,NaN,NaN,533.0,85.0,233852.0,Client,NaN
758,NaN,4.39238,NaN,NaN,NaN,NaN,NaN,NaN,NaN,NaN,NaN,534.0,85.0,233852.0,Client,NaN
759,NaN,4.41599,NaN,NaN,NaN,NaN,NaN,NaN,NaN,NaN,NaN,535.0,85.0,232452.0,Client,NaN
760,NaN,4.65944,NaN,NaN,NaN,NaN,NaN,NaN,NaN,NaN,NaN,536.0,86.0,231412.0,Client,NaN
761,NaN,4.66556,NaN,NaN,NaN,NaN,NaN,NaN,NaN,NaN,NaN,537.0,86.0,230012.0,Client,NaN
762,NaN,4.69014,NaN,NaN,NaN,NaN,NaN,NaN,NaN,NaN,NaN,538.0,86.0,231000.0,Client,NaN
763,NaN,4.93029,NaN,NaN,NaN,NaN,NaN,NaN,NaN,NaN,NaN,539.0,87.0,228200.0,Client,NaN
764,NaN,4.934159999999999,NaN,NaN,NaN,NaN,NaN,NaN,NaN,NaN,NaN,540.0,87.0,228200.0,Client,NaN
765,NaN,4.95872,NaN,NaN,NaN,NaN,NaN,NaN,NaN,NaN,NaN,541.0,87.0,228210.0,Client,NaN
766,NaN,5.193309999999999,NaN,NaN,NaN,NaN,NaN,NaN,NaN,NaN,NaN,542.0,88.0,223902.0,Client,NaN
767,NaN,5.19998,NaN,NaN,NaN,NaN,NaN,NaN,NaN,NaN,NaN,543.0,88.0,225302.0,Client,NaN
768,NaN,5.224,NaN,NaN,NaN,NaN,NaN,NaN,NaN,NaN,NaN,544.0,88.0,223902.0,Client,NaN
769,NaN,5.4582,NaN,NaN,NaN,NaN,NaN,NaN,NaN,NaN,NaN,545.0,89.0,221360.0,Client,NaN
770,NaN,5.46128,NaN,NaN,NaN,NaN,NaN,NaN,NaN,NaN,NaN,546.0,89.0,219960.0,Client,NaN
771,NaN,5.4847,NaN,NaN,NaN,NaN,NaN,NaN,NaN,NaN,NaN,547.0,89.0,219960.0,Client,NaN
772,NaN,5.7070300000000005,NaN,NaN,NaN,NaN,NaN,NaN,NaN,NaN,NaN,548.0,90.0,217000.0,Client,NaN
773,NaN,5.71045,NaN,NaN,NaN,NaN,NaN,NaN,NaN,NaN,NaN,549.0,90.0,216141.0,Client,NaN
774,NaN,5.73224,NaN,NaN,NaN,NaN,NaN,NaN,NaN,NaN,NaN,550.0,90.0,216141.0,Client,NaN
775,NaN,5.95328,NaN,NaN,NaN,NaN,NaN,NaN,NaN,NaN,NaN,551.0,91.0,215970.0,Client,NaN
776,NaN,5.95719,NaN,NaN,NaN,NaN,NaN,NaN,NaN,NaN,NaN,552.0,91.0,215970.0,Client,NaN
777,NaN,5.97987,NaN,NaN,NaN,NaN,NaN,NaN,NaN,NaN,NaN,553.0,91.0,215970.0,Client,NaN
